T,X,Y
0.0000,0.0000,0.0000
0.0010,0.0129,0.0153
0.0020,0.0257,0.0306
0.0030,0.0386,0.0459
0.0040,0.0514,0.0612
0.0050,0.0643,0.0765
0.0060,0.0771,0.0917
0.0070,0.0900,0.1070
0.0080,0.1028,0.1222
0.0090,0.1157,0.1374
0.0100,0.1286,0.1527
0.0110,0.1414,0.1679
0.0120,0.1543,0.1831
0.0130,0.1671,0.1983
0.0140,0.1800,0.2135
0.0150,0.1928,0.2286
0.0160,0.2057,0.2438
0.0170,0.2185,0.2590
0.0180,0.2314,0.2741
0.0190,0.2443,0.2892
0.0200,0.2571,0.3044
0.0210,0.2700,0.3195
0.0220,0.2828,0.3346
0.0230,0.2957,0.3497
0.0240,0.3085,0.3648
0.0250,0.3214,0.3798
0.0260,0.3342,0.3949
0.0270,0.3471,0.4100
0.0280,0.3600,0.4250
0.0290,0.3728,0.4400
0.0300,0.3857,0.4551
0.0310,0.3985,0.4701
0.0320,0.4114,0.4851
0.0330,0.4242,0.5001
0.0340,0.4371,0.5151
0.0350,0.4500,0.5301
0.0360,0.4628,0.5450
0.0370,0.4757,0.5600
0.0380,0.4885,0.5749
0.0390,0.5014,0.5899
0.0400,0.5142,0.6048
0.0410,0.5271,0.6197
0.0420,0.5399,0.6346
0.0430,0.5528,0.6495
0.0440,0.5657,0.6644
0.0450,0.5785,0.6793
0.0460,0.5914,0.6942
0.0470,0.6042,0.7090
0.0480,0.6171,0.7239
0.0490,0.6299,0.7387
0.0500,0.6428,0.7535
0.0510,0.6556,0.7684
0.0520,0.6685,0.7832
0.0530,0.6814,0.7980
0.0540,0.6942,0.8128
0.0550,0.7071,0.8275
0.0560,0.7199,0.8423
0.0570,0.7328,0.8571
0.0580,0.7456,0.8718
0.0590,0.7585,0.8866
0.0600,0.7713,0.9013
0.0610,0.7842,0.9160
0.0620,0.7971,0.9307
0.0630,0.8099,0.9454
0.0640,0.8228,0.9601
0.0650,0.8356,0.9748
0.0660,0.8485,0.9895
0.0670,0.8613,1.0042
0.0680,0.8742,1.0188
0.0690,0.8870,1.0335
0.0700,0.8999,1.0481
0.0710,0.9128,1.0627
0.0720,0.9256,1.0773
0.0730,0.9385,1.0919
0.0740,0.9513,1.1065
0.0750,0.9642,1.1211
0.0760,0.9770,1.1357
0.0770,0.9899,1.1502
0.0780,1.0027,1.1648
0.0790,1.0156,1.1794
0.0800,1.0285,1.1939
0.0810,1.0413,1.2084
0.0820,1.0542,1.2229
0.0830,1.0670,1.2374
0.0840,1.0799,1.2519
0.0850,1.0927,1.2664
0.0860,1.1056,1.2809
0.0870,1.1185,1.2954
0.0880,1.1313,1.3098
0.0890,1.1442,1.3243
0.0900,1.1570,1.3387
0.0910,1.1699,1.3531
0.0920,1.1827,1.3676
0.0930,1.1956,1.3820
0.0940,1.2084,1.3964
0.0950,1.2213,1.4108
0.0960,1.2342,1.4251
0.0970,1.2470,1.4395
0.0980,1.2599,1.4539
0.0990,1.2727,1.4682
0.1000,1.2856,1.4825
0.1010,1.2984,1.4969
0.1020,1.3113,1.5112
0.1030,1.3241,1.5255
0.1040,1.3370,1.5398
0.1050,1.3499,1.5541
0.1060,1.3627,1.5684
0.1070,1.3756,1.5827
0.1080,1.3884,1.5969
0.1090,1.4013,1.6112
0.1100,1.4141,1.6254
0.1110,1.4270,1.6396
0.1120,1.4398,1.6539
0.1130,1.4527,1.6681
0.1140,1.4656,1.6823
0.1150,1.4784,1.6965
0.1160,1.4913,1.7107
0.1170,1.5041,1.7248
0.1180,1.5170,1.7390
0.1190,1.5298,1.7531
0.1200,1.5427,1.7673
0.1210,1.5555,1.7814
0.1220,1.5684,1.7955
0.1230,1.5813,1.8097
0.1240,1.5941,1.8238
0.1250,1.6070,1.8379
0.1260,1.6198,1.8519
0.1270,1.6327,1.8660
0.1280,1.6455,1.8801
0.1290,1.6584,1.8941
0.1300,1.6712,1.9082
0.1310,1.6841,1.9222
0.1320,1.6970,1.9362
0.1330,1.7098,1.9503
0.1340,1.7227,1.9643
0.1350,1.7355,1.9783
0.1360,1.7484,1.9923
0.1370,1.7612,2.0062
0.1380,1.7741,2.0202
0.1390,1.7869,2.0342
0.1400,1.7998,2.0481
0.1410,1.8127,2.0620
0.1420,1.8255,2.0760
0.1430,1.8384,2.0899
0.1440,1.8512,2.1038
0.1450,1.8641,2.1177
0.1460,1.8769,2.1316
0.1470,1.8898,2.1455
0.1480,1.9027,2.1593
0.1490,1.9155,2.1732
0.1500,1.9284,2.1870
0.1510,1.9412,2.2009
0.1520,1.9541,2.2147
0.1530,1.9669,2.2285
0.1540,1.9798,2.2423
0.1550,1.9926,2.2561
0.1560,2.0055,2.2699
0.1570,2.0184,2.2837
0.1580,2.0312,2.2975
0.1590,2.0441,2.3112
0.1600,2.0569,2.3250
0.1610,2.0698,2.3387
0.1620,2.0826,2.3525
0.1630,2.0955,2.3662
0.1640,2.1083,2.3799
0.1650,2.1212,2.3936
0.1660,2.1341,2.4073
0.1670,2.1469,2.4210
0.1680,2.1598,2.4346
0.1690,2.1726,2.4483
0.1700,2.1855,2.4620
0.1710,2.1983,2.4756
0.1720,2.2112,2.4892
0.1730,2.2240,2.5029
0.1740,2.2369,2.5165
0.1750,2.2498,2.5301
0.1760,2.2626,2.5437
0.1770,2.2755,2.5573
0.1780,2.2883,2.5708
0.1790,2.3012,2.5844
0.1800,2.3140,2.5980
0.1810,2.3269,2.6115
0.1820,2.3397,2.6250
0.1830,2.3526,2.6386
0.1840,2.3655,2.6521
0.1850,2.3783,2.6656
0.1860,2.3912,2.6791
0.1870,2.4040,2.6926
0.1880,2.4169,2.7060
0.1890,2.4297,2.7195
0.1900,2.4426,2.7330
0.1910,2.4554,2.7464
0.1920,2.4683,2.7599
0.1930,2.4812,2.7733
0.1940,2.4940,2.7867
0.1950,2.5069,2.8001
0.1960,2.5197,2.8135
0.1970,2.5326,2.8269
0.1980,2.5454,2.8403
0.1990,2.5583,2.8536
0.2000,2.5712,2.8670
0.2010,2.5840,2.8803
0.2020,2.5969,2.8937
0.2030,2.6097,2.9070
0.2040,2.6226,2.9203
0.2050,2.6354,2.9336
0.2060,2.6483,2.9469
0.2070,2.6611,2.9602
0.2080,2.6740,2.9735
0.2090,2.6869,2.9868
0.2100,2.6997,3.0000
0.2110,2.7126,3.0133
0.2120,2.7254,3.0265
0.2130,2.7383,3.0398
0.2140,2.7511,3.0530
0.2150,2.7640,3.0662
0.2160,2.7768,3.0794
0.2170,2.7897,3.0926
0.2180,2.8026,3.1058
0.2190,2.8154,3.1190
0.2200,2.8283,3.1321
0.2210,2.8411,3.1453
0.2220,2.8540,3.1584
0.2230,2.8668,3.1715
0.2240,2.8797,3.1847
0.2250,2.8925,3.1978
0.2260,2.9054,3.2109
0.2270,2.9183,3.2240
0.2280,2.9311,3.2371
0.2290,2.9440,3.2501
0.2300,2.9568,3.2632
0.2310,2.9697,3.2763
0.2320,2.9825,3.2893
0.2330,2.9954,3.3023
0.2340,3.0082,3.3154
0.2350,3.0211,3.3284
0.2360,3.0340,3.3414
0.2370,3.0468,3.3544
0.2380,3.0597,3.3674
0.2390,3.0725,3.3803
0.2400,3.0854,3.3933
0.2410,3.0982,3.4063
0.2420,3.1111,3.4192
0.2430,3.1239,3.4321
0.2440,3.1368,3.4451
0.2450,3.1497,3.4580
0.2460,3.1625,3.4709
0.2470,3.1754,3.4838
0.2480,3.1882,3.4967
0.2490,3.2011,3.5096
0.2500,3.2139,3.5224
0.2510,3.2268,3.5353
0.2520,3.2396,3.5481
0.2530,3.2525,3.5610
0.2540,3.2654,3.5738
0.2550,3.2782,3.5866
0.2560,3.2911,3.5994
0.2570,3.3039,3.6122
0.2580,3.3168,3.6250
0.2590,3.3296,3.6378
0.2600,3.3425,3.6506
0.2610,3.3554,3.6633
0.2620,3.3682,3.6761
0.2630,3.3811,3.6888
0.2640,3.3939,3.7016
0.2650,3.4068,3.7143
0.2660,3.4196,3.7270
0.2670,3.4325,3.7397
0.2680,3.4453,3.7524
0.2690,3.4582,3.7651
0.2700,3.4711,3.7777
0.2710,3.4839,3.7904
0.2720,3.4968,3.8031
0.2730,3.5096,3.8157
0.2740,3.5225,3.8283
0.2750,3.5353,3.8410
0.2760,3.5482,3.8536
0.2770,3.5610,3.8662
0.2780,3.5739,3.8788
0.2790,3.5868,3.8913
0.2800,3.5996,3.9039
0.2810,3.6125,3.9165
0.2820,3.6253,3.9290
0.2830,3.6382,3.9416
0.2840,3.6510,3.9541
0.2850,3.6639,3.9666
0.2860,3.6767,3.9792
0.2870,3.6896,3.9917
0.2880,3.7025,4.0042
0.2890,3.7153,4.0166
0.2900,3.7282,4.0291
0.2910,3.7410,4.0416
0.2920,3.7539,4.0540
0.2930,3.7667,4.0665
0.2940,3.7796,4.0789
0.2950,3.7924,4.0914
0.2960,3.8053,4.1038
0.2970,3.8182,4.1162
0.2980,3.8310,4.1286
0.2990,3.8439,4.1410
0.3000,3.8567,4.1533
0.3010,3.8696,4.1657
0.3020,3.8824,4.1781
0.3030,3.8953,4.1904
0.3040,3.9081,4.2028
0.3050,3.9210,4.2151
0.3060,3.9339,4.2274
0.3070,3.9467,4.2397
0.3080,3.9596,4.2520
0.3090,3.9724,4.2643
0.3100,3.9853,4.2766
0.3110,3.9981,4.2889
0.3120,4.0110,4.3011
0.3130,4.0239,4.3134
0.3140,4.0367,4.3256
0.3150,4.0496,4.3378
0.3160,4.0624,4.3501
0.3170,4.0753,4.3623
0.3180,4.0881,4.3745
0.3190,4.1010,4.3867
0.3200,4.1138,4.3988
0.3210,4.1267,4.4110
0.3220,4.1396,4.4232
0.3230,4.1524,4.4353
0.3240,4.1653,4.4475
0.3250,4.1781,4.4596
0.3260,4.1910,4.4717
0.3270,4.2038,4.4838
0.3280,4.2167,4.4959
0.3290,4.2295,4.5080
0.3300,4.2424,4.5201
0.3310,4.2553,4.5322
0.3320,4.2681,4.5443
0.3330,4.2810,4.5563
0.3340,4.2938,4.5684
0.3350,4.3067,4.5804
0.3360,4.3195,4.5924
0.3370,4.3324,4.6044
0.3380,4.3452,4.6164
0.3390,4.3581,4.6284
0.3400,4.3710,4.6404
0.3410,4.3838,4.6524
0.3420,4.3967,4.6644
0.3430,4.4095,4.6763
0.3440,4.4224,4.6883
0.3450,4.4352,4.7002
0.3460,4.4481,4.7121
0.3470,4.4609,4.7240
0.3480,4.4738,4.7359
0.3490,4.4867,4.7478
0.3500,4.4995,4.7597
0.3510,4.5124,4.7716
0.3520,4.5252,4.7835
0.3530,4.5381,4.7953
0.3540,4.5509,4.8072
0.3550,4.5638,4.8190
0.3560,4.5766,4.8309
0.3570,4.5895,4.8427
0.3580,4.6024,4.8545
0.3590,4.6152,4.8663
0.3600,4.6281,4.8781
0.3610,4.6409,4.8898
0.3620,4.6538,4.9016
0.3630,4.6666,4.9134
0.3640,4.6795,4.9251
0.3650,4.6923,4.9369
0.3660,4.7052,4.9486
0.3670,4.7181,4.9603
0.3680,4.7309,4.9720
0.3690,4.7438,4.9837
0.3700,4.7566,4.9954
0.3710,4.7695,5.0071
0.3720,4.7823,5.0188
0.3730,4.7952,5.0304
0.3740,4.8081,5.0421
0.3750,4.8209,5.0537
0.3760,4.8338,5.0654
0.3770,4.8466,5.0770
0.3780,4.8595,5.0886
0.3790,4.8723,5.1002
0.3800,4.8852,5.1118
0.3810,4.8980,5.1234
0.3820,4.9109,5.1349
0.3830,4.9238,5.1465
0.3840,4.9366,5.1581
0.3850,4.9495,5.1696
0.3860,4.9623,5.1811
0.3870,4.9752,5.1927
0.3880,4.9880,5.2042
0.3890,5.0009,5.2157
0.3900,5.0137,5.2272
0.3910,5.0266,5.2387
0.3920,5.0395,5.2501
0.3930,5.0523,5.2616
0.3940,5.0652,5.2731
0.3950,5.0780,5.2845
0.3960,5.0909,5.2959
0.3970,5.1037,5.3074
0.3980,5.1166,5.3188
0.3990,5.1294,5.3302
0.4000,5.1423,5.3416
0.4010,5.1552,5.3530
0.4020,5.1680,5.3644
0.4030,5.1809,5.3757
0.4040,5.1937,5.3871
0.4050,5.2066,5.3984
0.4060,5.2194,5.4098
0.4070,5.2323,5.4211
0.4080,5.2451,5.4324
0.4090,5.2580,5.4437
0.4100,5.2709,5.4550
0.4110,5.2837,5.4663
0.4120,5.2966,5.4776
0.4130,5.3094,5.4889
0.4140,5.3223,5.5001
0.4150,5.3351,5.5114
0.4160,5.3480,5.5226
0.4170,5.3608,5.5338
0.4180,5.3737,5.5451
0.4190,5.3866,5.5563
0.4200,5.3994,5.5675
0.4210,5.4123,5.5787
0.4220,5.4251,5.5898
0.4230,5.4380,5.6010
0.4240,5.4508,5.6122
0.4250,5.4637,5.6233
0.4260,5.4766,5.6345
0.4270,5.4894,5.6456
0.4280,5.5023,5.6567
0.4290,5.5151,5.6678
0.4300,5.5280,5.6789
0.4310,5.5408,5.6900
0.4320,5.5537,5.7011
0.4330,5.5665,5.7122
0.4340,5.5794,5.7233
0.4350,5.5923,5.7343
0.4360,5.6051,5.7453
0.4370,5.6180,5.7564
0.4380,5.6308,5.7674
0.4390,5.6437,5.7784
0.4400,5.6565,5.7894
0.4410,5.6694,5.8004
0.4420,5.6822,5.8114
0.4430,5.6951,5.8224
0.4440,5.7080,5.8333
0.4450,5.7208,5.8443
0.4460,5.7337,5.8552
0.4470,5.7465,5.8662
0.4480,5.7594,5.8771
0.4490,5.7722,5.8880
0.4500,5.7851,5.8989
0.4510,5.7979,5.9098
0.4520,5.8108,5.9207
0.4530,5.8237,5.9316
0.4540,5.8365,5.9425
0.4550,5.8494,5.9533
0.4560,5.8622,5.9642
0.4570,5.8751,5.9750
0.4580,5.8879,5.9858
0.4590,5.9008,5.9966
0.4600,5.9136,6.0075
0.4610,5.9265,6.0183
0.4620,5.9394,6.0290
0.4630,5.9522,6.0398
0.4640,5.9651,6.0506
0.4650,5.9779,6.0613
0.4660,5.9908,6.0721
0.4670,6.0036,6.0828
0.4680,6.0165,6.0936
0.4690,6.0293,6.1043
0.4700,6.0422,6.1150
0.4710,6.0551,6.1257
0.4720,6.0679,6.1364
0.4730,6.0808,6.1471
0.4740,6.0936,6.1577
0.4750,6.1065,6.1684
0.4760,6.1193,6.1791
0.4770,6.1322,6.1897
0.4780,6.1450,6.2003
0.4790,6.1579,6.2109
0.4800,6.1708,6.2216
0.4810,6.1836,6.2322
0.4820,6.1965,6.2428
0.4830,6.2093,6.2533
0.4840,6.2222,6.2639
0.4850,6.2350,6.2745
0.4860,6.2479,6.2850
0.4870,6.2608,6.2956
0.4880,6.2736,6.3061
0.4890,6.2865,6.3166
0.4900,6.2993,6.3271
0.4910,6.3122,6.3376
0.4920,6.3250,6.3481
0.4930,6.3379,6.3586
0.4940,6.3507,6.3691
0.4950,6.3636,6.3796
0.4960,6.3765,6.3900
0.4970,6.3893,6.4005
0.4980,6.4022,6.4109
0.4990,6.4150,6.4213
0.5000,6.4279,6.4317
0.5010,6.4407,6.4421
0.5020,6.4536,6.4525
0.5030,6.4664,6.4629
0.5040,6.4793,6.4733
0.5050,6.4922,6.4837
0.5060,6.5050,6.4940
0.5070,6.5179,6.5044
0.5080,6.5307,6.5147
0.5090,6.5436,6.5250
0.5100,6.5564,6.5354
0.5110,6.5693,6.5457
0.5120,6.5821,6.5560
0.5130,6.5950,6.5663
0.5140,6.6079,6.5765
0.5150,6.6207,6.5868
0.5160,6.6336,6.5971
0.5170,6.6464,6.6073
0.5180,6.6593,6.6176
0.5190,6.6721,6.6278
0.5200,6.6850,6.6380
0.5210,6.6978,6.6482
0.5220,6.7107,6.6584
0.5230,6.7236,6.6686
0.5240,6.7364,6.6788
0.5250,6.7493,6.6890
0.5260,6.7621,6.6991
0.5270,6.7750,6.7093
0.5280,6.7878,6.7194
0.5290,6.8007,6.7295
0.5300,6.8135,6.7397
0.5310,6.8264,6.7498
0.5320,6.8393,6.7599
0.5330,6.8521,6.7700
0.5340,6.8650,6.7800
0.5350,6.8778,6.7901
0.5360,6.8907,6.8002
0.5370,6.9035,6.8102
0.5380,6.9164,6.8203
0.5390,6.9293,6.8303
0.5400,6.9421,6.8403
0.5410,6.9550,6.8503
0.5420,6.9678,6.8604
0.5430,6.9807,6.8703
0.5440,6.9935,6.8803
0.5450,7.0064,6.8903
0.5460,7.0192,6.9003
0.5470,7.0321,6.9102
0.5480,7.0450,6.9202
0.5490,7.0578,6.9301
0.5500,7.0707,6.9400
0.5510,7.0835,6.9499
0.5520,7.0964,6.9598
0.5530,7.1092,6.9697
0.5540,7.1221,6.9796
0.5550,7.1349,6.9895
0.5560,7.1478,6.9994
0.5570,7.1607,7.0092
0.5580,7.1735,7.0191
0.5590,7.1864,7.0289
0.5600,7.1992,7.0387
0.5610,7.2121,7.0486
0.5620,7.2249,7.0584
0.5630,7.2378,7.0682
0.5640,7.2506,7.0780
0.5650,7.2635,7.0877
0.5660,7.2764,7.0975
0.5670,7.2892,7.1073
0.5680,7.3021,7.1170
0.5690,7.3149,7.1267
0.5700,7.3278,7.1365
0.5710,7.3406,7.1462
0.5720,7.3535,7.1559
0.5730,7.3663,7.1656
0.5740,7.3792,7.1753
0.5750,7.3921,7.1850
0.5760,7.4049,7.1946
0.5770,7.4178,7.2043
0.5780,7.4306,7.2140
0.5790,7.4435,7.2236
0.5800,7.4563,7.2332
0.5810,7.4692,7.2428
0.5820,7.4820,7.2525
0.5830,7.4949,7.2621
0.5840,7.5078,7.2717
0.5850,7.5206,7.2812
0.5860,7.5335,7.2908
0.5870,7.5463,7.3004
0.5880,7.5592,7.3099
0.5890,7.5720,7.3195
0.5900,7.5849,7.3290
0.5910,7.5977,7.3385
0.5920,7.6106,7.3480
0.5930,7.6235,7.3575
0.5940,7.6363,7.3670
0.5950,7.6492,7.3765
0.5960,7.6620,7.3860
0.5970,7.6749,7.3955
0.5980,7.6877,7.4049
0.5990,7.7006,7.4144
0.6000,7.7135,7.4238
0.6010,7.7263,7.4332
0.6020,7.7392,7.4426
0.6030,7.7520,7.4520
0.6040,7.7649,7.4614
0.6050,7.7777,7.4708
0.6060,7.7906,7.4802
0.6070,7.8034,7.4896
0.6080,7.8163,7.4989
0.6090,7.8292,7.5083
0.6100,7.8420,7.5176
0.6110,7.8549,7.5269
0.6120,7.8677,7.5362
0.6130,7.8806,7.5456
0.6140,7.8934,7.5548
0.6150,7.9063,7.5641
0.6160,7.9191,7.5734
0.6170,7.9320,7.5827
0.6180,7.9449,7.5919
0.6190,7.9577,7.6012
0.6200,7.9706,7.6104
0.6210,7.9834,7.6197
0.6220,7.9963,7.6289
0.6230,8.0091,7.6381
0.6240,8.0220,7.6473
0.6250,8.0348,7.6565
0.6260,8.0477,7.6657
0.6270,8.0606,7.6748
0.6280,8.0734,7.6840
0.6290,8.0863,7.6931
0.6300,8.0991,7.7023
0.6310,8.1120,7.7114
0.6320,8.1248,7.7205
0.6330,8.1377,7.7296
0.6340,8.1505,7.7387
0.6350,8.1634,7.7478
0.6360,8.1763,7.7569
0.6370,8.1891,7.7660
0.6380,8.2020,7.7750
0.6390,8.2148,7.7841
0.6400,8.2277,7.7931
0.6410,8.2405,7.8022
0.6420,8.2534,7.8112
0.6430,8.2662,7.8202
0.6440,8.2791,7.8292
0.6450,8.2920,7.8382
0.6460,8.3048,7.8472
0.6470,8.3177,7.8562
0.6480,8.3305,7.8651
0.6490,8.3434,7.8741
0.6500,8.3562,7.8830
0.6510,8.3691,7.8920
0.6520,8.3820,7.9009
0.6530,8.3948,7.9098
0.6540,8.4077,7.9187
0.6550,8.4205,7.9276
0.6560,8.4334,7.9365
0.6570,8.4462,7.9454
0.6580,8.4591,7.9542
0.6590,8.4719,7.9631
0.6600,8.4848,7.9719
0.6610,8.4977,7.9808
0.6620,8.5105,7.9896
0.6630,8.5234,7.9984
0.6640,8.5362,8.0072
0.6650,8.5491,8.0160
0.6660,8.5619,8.0248
0.6670,8.5748,8.0336
0.6680,8.5876,8.0423
0.6690,8.6005,8.0511
0.6700,8.6134,8.0599
0.6710,8.6262,8.0686
0.6720,8.6391,8.0773
0.6730,8.6519,8.0860
0.6740,8.6648,8.0947
0.6750,8.6776,8.1034
0.6760,8.6905,8.1121
0.6770,8.7033,8.1208
0.6780,8.7162,8.1295
0.6790,8.7291,8.1381
0.6800,8.7419,8.1468
0.6810,8.7548,8.1554
0.6820,8.7676,8.1641
0.6830,8.7805,8.1727
0.6840,8.7933,8.1813
0.6850,8.8062,8.1899
0.6860,8.8190,8.1985
0.6870,8.8319,8.2071
0.6880,8.8448,8.2156
0.6890,8.8576,8.2242
0.6900,8.8705,8.2328
0.6910,8.8833,8.2413
0.6920,8.8962,8.2498
0.6930,8.9090,8.2584
0.6940,8.9219,8.2669
0.6950,8.9347,8.2754
0.6960,8.9476,8.2839
0.6970,8.9605,8.2923
0.6980,8.9733,8.3008
0.6990,8.9862,8.3093
0.7000,8.9990,8.3177
0.7010,9.0119,8.3262
0.7020,9.0247,8.3346
0.7030,9.0376,8.3430
0.7040,9.0504,8.3515
0.7050,9.0633,8.3599
0.7060,9.0762,8.3683
0.7070,9.0890,8.3766
0.7080,9.1019,8.3850
0.7090,9.1147,8.3934
0.7100,9.1276,8.4017
0.7110,9.1404,8.4101
0.7120,9.1533,8.4184
0.7130,9.1662,8.4267
0.7140,9.1790,8.4351
0.7150,9.1919,8.4434
0.7160,9.2047,8.4517
0.7170,9.2176,8.4600
0.7180,9.2304,8.4682
0.7190,9.2433,8.4765
0.7200,9.2561,8.4848
0.7210,9.2690,8.4930
0.7220,9.2819,8.5012
0.7230,9.2947,8.5095
0.7240,9.3076,8.5177
0.7250,9.3204,8.5259
0.7260,9.3333,8.5341
0.7270,9.3461,8.5423
0.7280,9.3590,8.5505
0.7290,9.3718,8.5586
0.7300,9.3847,8.5668
0.7310,9.3976,8.5749
0.7320,9.4104,8.5831
0.7330,9.4233,8.5912
0.7340,9.4361,8.5993
0.7350,9.4490,8.6074
0.7360,9.4618,8.6155
0.7370,9.4747,8.6236
0.7380,9.4875,8.6317
0.7390,9.5004,8.6398
0.7400,9.5133,8.6479
0.7410,9.5261,8.6559
0.7420,9.5390,8.6639
0.7430,9.5518,8.6720
0.7440,9.5647,8.6800
0.7450,9.5775,8.6880
0.7460,9.5904,8.6960
0.7470,9.6032,8.7040
0.7480,9.6161,8.7120
0.7490,9.6290,8.7200
0.7500,9.6418,8.7279
0.7510,9.6547,8.7359
0.7520,9.6675,8.7438
0.7530,9.6804,8.7518
0.7540,9.6932,8.7597
0.7550,9.7061,8.7676
0.7560,9.7189,8.7755
0.7570,9.7318,8.7834
0.7580,9.7447,8.7913
0.7590,9.7575,8.7992
0.7600,9.7704,8.8070
0.7610,9.7832,8.8149
0.7620,9.7961,8.8227
0.7630,9.8089,8.8306
0.7640,9.8218,8.8384
0.7650,9.8347,8.8462
0.7660,9.8475,8.8540
0.7670,9.8604,8.8618
0.7680,9.8732,8.8696
0.7690,9.8861,8.8774
0.7700,9.8989,8.8851
0.7710,9.9118,8.8929
0.7720,9.9246,8.9006
0.7730,9.9375,8.9084
0.7740,9.9504,8.9161
0.7750,9.9632,8.9238
0.7760,9.9761,8.9315
0.7770,9.9889,8.9392
0.7780,10.0018,8.9469
0.7790,10.0146,8.9546
0.7800,10.0275,8.9623
0.7810,10.0403,8.9699
0.7820,10.0532,8.9776
0.7830,10.0661,8.9852
0.7840,10.0789,8.9928
0.7850,10.0918,9.0005
0.7860,10.1046,9.0081
0.7870,10.1175,9.0157
0.7880,10.1303,9.0233
0.7890,10.1432,9.0308
0.7900,10.1560,9.0384
0.7910,10.1689,9.0460
0.7920,10.1818,9.0535
0.7930,10.1946,9.0611
0.7940,10.2075,9.0686
0.7950,10.2203,9.0761
0.7960,10.2332,9.0836
0.7970,10.2460,9.0911
0.7980,10.2589,9.0986
0.7990,10.2717,9.1061
0.8000,10.2846,9.1136
0.8010,10.2975,9.1211
0.8020,10.3103,9.1285
0.8030,10.3232,9.1359
0.8040,10.3360,9.1434
0.8050,10.3489,9.1508
0.8060,10.3617,9.1582
0.8070,10.3746,9.1656
0.8080,10.3874,9.1730
0.8090,10.4003,9.1804
0.8100,10.4132,9.1878
0.8110,10.4260,9.1951
0.8120,10.4389,9.2025
0.8130,10.4517,9.2098
0.8140,10.4646,9.2172
0.8150,10.4774,9.2245
0.8160,10.4903,9.2318
0.8170,10.5031,9.2391
0.8180,10.5160,9.2464
0.8190,10.5289,9.2537
0.8200,10.5417,9.2610
0.8210,10.5546,9.2683
0.8220,10.5674,9.2755
0.8230,10.5803,9.2828
0.8240,10.5931,9.2900
0.8250,10.6060,9.2972
0.8260,10.6189,9.3044
0.8270,10.6317,9.3116
0.8280,10.6446,9.3188
0.8290,10.6574,9.3260
0.8300,10.6703,9.3332
0.8310,10.6831,9.3404
0.8320,10.6960,9.3475
0.8330,10.7088,9.3547
0.8340,10.7217,9.3618
0.8350,10.7346,9.3690
0.8360,10.7474,9.3761
0.8370,10.7603,9.3832
0.8380,10.7731,9.3903
0.8390,10.7860,9.3974
0.8400,10.7988,9.4045
0.8410,10.8117,9.4115
0.8420,10.8245,9.4186
0.8430,10.8374,9.4256
0.8440,10.8503,9.4327
0.8450,10.8631,9.4397
0.8460,10.8760,9.4467
0.8470,10.8888,9.4537
0.8480,10.9017,9.4607
0.8490,10.9145,9.4677
0.8500,10.9274,9.4747
0.8510,10.9402,9.4817
0.8520,10.9531,9.4887
0.8530,10.9660,9.4956
0.8540,10.9788,9.5026
0.8550,10.9917,9.5095
0.8560,11.0045,9.5164
0.8570,11.0174,9.5233
0.8580,11.0302,9.5302
0.8590,11.0431,9.5371
0.8600,11.0559,9.5440
0.8610,11.0688,9.5509
0.8620,11.0817,9.5577
0.8630,11.0945,9.5646
0.8640,11.1074,9.5714
0.8650,11.1202,9.5783
0.8660,11.1331,9.5851
0.8670,11.1459,9.5919
0.8680,11.1588,9.5987
0.8690,11.1716,9.6055
0.8700,11.1845,9.6123
0.8710,11.1974,9.6191
0.8720,11.2102,9.6259
0.8730,11.2231,9.6326
0.8740,11.2359,9.6394
0.8750,11.2488,9.6461
0.8760,11.2616,9.6528
0.8770,11.2745,9.6595
0.8780,11.2874,9.6662
0.8790,11.3002,9.6729
0.8800,11.3131,9.6796
0.8810,11.3259,9.6863
0.8820,11.3388,9.6930
0.8830,11.3516,9.6996
0.8840,11.3645,9.7063
0.8850,11.3773,9.7129
0.8860,11.3902,9.7196
0.8870,11.4031,9.7262
0.8880,11.4159,9.7328
0.8890,11.4288,9.7394
0.8900,11.4416,9.7460
0.8910,11.4545,9.7526
0.8920,11.4673,9.7591
0.8930,11.4802,9.7657
0.8940,11.4930,9.7722
0.8950,11.5059,9.7788
0.8960,11.5188,9.7853
0.8970,11.5316,9.7918
0.8980,11.5445,9.7983
0.8990,11.5573,9.8048
0.9000,11.5702,9.8113
0.9010,11.5830,9.8178
0.9020,11.5959,9.8243
0.9030,11.6087,9.8308
0.9040,11.6216,9.8372
0.9050,11.6345,9.8436
0.9060,11.6473,9.8501
0.9070,11.6602,9.8565
0.9080,11.6730,9.8629
0.9090,11.6859,9.8693
0.9100,11.6987,9.8757
0.9110,11.7116,9.8821
0.9120,11.7244,9.8885
0.9130,11.7373,9.8948
0.9140,11.7502,9.9012
0.9150,11.7630,9.9075
0.9160,11.7759,9.9139
0.9170,11.7887,9.9202
0.9180,11.8016,9.9265
0.9190,11.8144,9.9328
0.9200,11.8273,9.9391
0.9210,11.8401,9.9454
0.9220,11.8530,9.9517
0.9230,11.8659,9.9579
0.9240,11.8787,9.9642
0.9250,11.8916,9.9704
0.9260,11.9044,9.9767
0.9270,11.9173,9.9829
0.9280,11.9301,9.9891
0.9290,11.9430,9.9953
0.9300,11.9558,10.0015
0.9310,11.9687,10.0077
0.9320,11.9816,10.0139
0.9330,11.9944,10.0201
0.9340,12.0073,10.0262
0.9350,12.0201,10.0324
0.9360,12.0330,10.0385
0.9370,12.0458,10.0446
0.9380,12.0587,10.0508
0.9390,12.0716,10.0569
0.9400,12.0844,10.0630
0.9410,12.0973,10.0691
0.9420,12.1101,10.0751
0.9430,12.1230,10.0812
0.9440,12.1358,10.0873
0.9450,12.1487,10.0933
0.9460,12.1615,10.0994
0.9470,12.1744,10.1054
0.9480,12.1873,10.1114
0.9490,12.2001,10.1174
0.9500,12.2130,10.1234
0.9510,12.2258,10.1294
0.9520,12.2387,10.1354
0.9530,12.2515,10.1414
0.9540,12.2644,10.1473
0.9550,12.2772,10.1533
0.9560,12.2901,10.1592
0.9570,12.3030,10.1652
0.9580,12.3158,10.1711
0.9590,12.3287,10.1770
0.9600,12.3415,10.1829
0.9610,12.3544,10.1888
0.9620,12.3672,10.1947
0.9630,12.3801,10.2005
0.9640,12.3929,10.2064
0.9650,12.4058,10.2123
0.9660,12.4187,10.2181
0.9670,12.4315,10.2239
0.9680,12.4444,10.2298
0.9690,12.4572,10.2356
0.9700,12.4701,10.2414
0.9710,12.4829,10.2472
0.9720,12.4958,10.2530
0.9730,12.5086,10.2587
0.9740,12.5215,10.2645
0.9750,12.5344,10.2703
0.9760,12.5472,10.2760
0.9770,12.5601,10.2818
0.9780,12.5729,10.2875
0.9790,12.5858,10.2932
0.9800,12.5986,10.2989
0.9810,12.6115,10.3046
0.9820,12.6243,10.3103
0.9830,12.6372,10.3160
0.9840,12.6501,10.3216
0.9850,12.6629,10.3273
0.9860,12.6758,10.3329
0.9870,12.6886,10.3386
0.9880,12.7015,10.3442
0.9890,12.7143,10.3498
0.9900,12.7272,10.3554
0.9910,12.7401,10.3610
0.9920,12.7529,10.3666
0.9930,12.7658,10.3722
0.9940,12.7786,10.3778
0.9950,12.7915,10.3833
0.9960,12.8043,10.3889
0.9970,12.8172,10.3944
0.9980,12.8300,10.4000
0.9990,12.8429,10.4055
1.0000,12.8558,10.4110
1.0010,12.8686,10.4165
1.0020,12.8815,10.4220
1.0030,12.8943,10.4275
1.0040,12.9072,10.4329
1.0050,12.9200,10.4384
1.0060,12.9329,10.4438
1.0070,12.9457,10.4493
1.0080,12.9586,10.4547
1.0090,12.9715,10.4601
1.0100,12.9843,10.4656
1.0110,12.9972,10.4710
1.0120,13.0100,10.4763
1.0130,13.0229,10.4817
1.0140,13.0357,10.4871
1.0150,13.0486,10.4925
1.0160,13.0614,10.4978
1.0170,13.0743,10.5032
1.0180,13.0872,10.5085
1.0190,13.1000,10.5138
1.0200,13.1129,10.5191
1.0210,13.1257,10.5244
1.0220,13.1386,10.5297
1.0230,13.1514,10.5350
1.0240,13.1643,10.5403
1.0250,13.1771,10.5456
1.0260,13.1900,10.5508
1.0270,13.2029,10.5561
1.0280,13.2157,10.5613
1.0290,13.2286,10.5665
1.0300,13.2414,10.5717
1.0310,13.2543,10.5770
1.0320,13.2671,10.5822
1.0330,13.2800,10.5873
1.0340,13.2928,10.5925
1.0350,13.3057,10.5977
1.0360,13.3186,10.6028
1.0370,13.3314,10.6080
1.0380,13.3443,10.6131
1.0390,13.3571,10.6183
1.0400,13.3700,10.6234
1.0410,13.3828,10.6285
1.0420,13.3957,10.6336
1.0430,13.4085,10.6387
1.0440,13.4214,10.6438
1.0450,13.4343,10.6488
1.0460,13.4471,10.6539
1.0470,13.4600,10.6589
1.0480,13.4728,10.6640
1.0490,13.4857,10.6690
1.0500,13.4985,10.6740
1.0510,13.5114,10.6790
1.0520,13.5243,10.6840
1.0530,13.5371,10.6890
1.0540,13.5500,10.6940
1.0550,13.5628,10.6990
1.0560,13.5757,10.7039
1.0570,13.5885,10.7089
1.0580,13.6014,10.7138
1.0590,13.6142,10.7188
1.0600,13.6271,10.7237
1.0610,13.6400,10.7286
1.0620,13.6528,10.7335
1.0630,13.6657,10.7384
1.0640,13.6785,10.7433
1.0650,13.6914,10.7481
1.0660,13.7042,10.7530
1.0670,13.7171,10.7579
1.0680,13.7299,10.7627
1.0690,13.7428,10.7675
1.0700,13.7557,10.7724
1.0710,13.7685,10.7772
1.0720,13.7814,10.7820
1.0730,13.7942,10.7868
1.0740,13.8071,10.7916
1.0750,13.8199,10.7963
1.0760,13.8328,10.8011
1.0770,13.8456,10.8059
1.0780,13.8585,10.8106
1.0790,13.8714,10.8153
1.0800,13.8842,10.8201
1.0810,13.8971,10.8248
1.0820,13.9099,10.8295
1.0830,13.9228,10.8342
1.0840,13.9356,10.8389
1.0850,13.9485,10.8436
1.0860,13.9613,10.8482
1.0870,13.9742,10.8529
1.0880,13.9871,10.8575
1.0890,13.9999,10.8622
1.0900,14.0128,10.8668
1.0910,14.0256,10.8714
1.0920,14.0385,10.8760
1.0930,14.0513,10.8806
1.0940,14.0642,10.8852
1.0950,14.0770,10.8898
1.0960,14.0899,10.8944
1.0970,14.1028,10.8989
1.0980,14.1156,10.9035
1.0990,14.1285,10.9080
1.1000,14.1413,10.9125
1.1010,14.1542,10.9171
1.1020,14.1670,10.9216
1.1030,14.1799,10.9261
1.1040,14.1928,10.9306
1.1050,14.2056,10.9350
1.1060,14.2185,10.9395
1.1070,14.2313,10.9440
1.1080,14.2442,10.9484
1.1090,14.2570,10.9529
1.1100,14.2699,10.9573
1.1110,14.2827,10.9617
1.1120,14.2956,10.9661
1.1130,14.3085,10.9705
1.1140,14.3213,10.9749
1.1150,14.3342,10.9793
1.1160,14.3470,10.9837
1.1170,14.3599,10.9880
1.1180,14.3727,10.9924
1.1190,14.3856,10.9967
1.1200,14.3984,11.0011
1.1210,14.4113,11.0054
1.1220,14.4242,11.0097
1.1230,14.4370,11.0140
1.1240,14.4499,11.0183
1.1250,14.4627,11.0226
1.1260,14.4756,11.0269
1.1270,14.4884,11.0311
1.1280,14.5013,11.0354
1.1290,14.5141,11.0396
1.1300,14.5270,11.0439
1.1310,14.5399,11.0481
1.1320,14.5527,11.0523
1.1330,14.5656,11.0565
1.1340,14.5784,11.0607
1.1350,14.5913,11.0649
1.1360,14.6041,11.0691
1.1370,14.6170,11.0732
1.1380,14.6298,11.0774
1.1390,14.6427,11.0815
1.1400,14.6556,11.0857
1.1410,14.6684,11.0898
1.1420,14.6813,11.0939
1.1430,14.6941,11.0980
1.1440,14.7070,11.1021
1.1450,14.7198,11.1062
1.1460,14.7327,11.1103
1.1470,14.7455,11.1144
1.1480,14.7584,11.1184
1.1490,14.7713,11.1225
1.1500,14.7841,11.1265
1.1510,14.7970,11.1305
1.1520,14.8098,11.1346
1.1530,14.8227,11.1386
1.1540,14.8355,11.1426
1.1550,14.8484,11.1466
1.1560,14.8612,11.1505
1.1570,14.8741,11.1545
1.1580,14.8870,11.1585
1.1590,14.8998,11.1624
1.1600,14.9127,11.1664
1.1610,14.9255,11.1703
1.1620,14.9384,11.1742
1.1630,14.9512,11.1781
1.1640,14.9641,11.1820
1.1650,14.9770,11.1859
1.1660,14.9898,11.1898
1.1670,15.0027,11.1937
1.1680,15.0155,11.1976
1.1690,15.0284,11.2014
1.1700,15.0412,11.2052
1.1710,15.0541,11.2091
1.1720,15.0669,11.2129
1.1730,15.0798,11.2167
1.1740,15.0927,11.2205
1.1750,15.1055,11.2243
1.1760,15.1184,11.2281
1.1770,15.1312,11.2319
1.1780,15.1441,11.2356
1.1790,15.1569,11.2394
1.1800,15.1698,11.2431
1.1810,15.1826,11.2469
1.1820,15.1955,11.2506
1.1830,15.2084,11.2543
1.1840,15.2212,11.2580
1.1850,15.2341,11.2617
1.1860,15.2469,11.2654
1.1870,15.2598,11.2691
1.1880,15.2726,11.2727
1.1890,15.2855,11.2764
1.1900,15.2983,11.2801
1.1910,15.3112,11.2837
1.1920,15.3241,11.2873
1.1930,15.3369,11.2909
1.1940,15.3498,11.2945
1.1950,15.3626,11.2981
1.1960,15.3755,11.3017
1.1970,15.3883,11.3053
1.1980,15.4012,11.3089
1.1990,15.4140,11.3124
1.2000,15.4269,11.3160
1.2010,15.4398,11.3195
1.2020,15.4526,11.3230
1.2030,15.4655,11.3266
1.2040,15.4783,11.3301
1.2050,15.4912,11.3336
1.2060,15.5040,11.3371
1.2070,15.5169,11.3405
1.2080,15.5297,11.3440
1.2090,15.5426,11.3475
1.2100,15.5555,11.3509
1.2110,15.5683,11.3544
1.2120,15.5812,11.3578
1.2130,15.5940,11.3612
1.2140,15.6069,11.3646
1.2150,15.6197,11.3680
1.2160,15.6326,11.3714
1.2170,15.6455,11.3748
1.2180,15.6583,11.3782
1.2190,15.6712,11.3815
1.2200,15.6840,11.3849
1.2210,15.6969,11.3882
1.2220,15.7097,11.3916
1.2230,15.7226,11.3949
1.2240,15.7354,11.3982
1.2250,15.7483,11.4015
1.2260,15.7612,11.4048
1.2270,15.7740,11.4081
1.2280,15.7869,11.4114
1.2290,15.7997,11.4146
1.2300,15.8126,11.4179
1.2310,15.8254,11.4211
1.2320,15.8383,11.4244
1.2330,15.8511,11.4276
1.2340,15.8640,11.4308
1.2350,15.8769,11.4340
1.2360,15.8897,11.4372
1.2370,15.9026,11.4404
1.2380,15.9154,11.4436
1.2390,15.9283,11.4467
1.2400,15.9411,11.4499
1.2410,15.9540,11.4530
1.2420,15.9668,11.4562
1.2430,15.9797,11.4593
1.2440,15.9926,11.4624
1.2450,16.0054,11.4655
1.2460,16.0183,11.4686
1.2470,16.0311,11.4717
1.2480,16.0440,11.4748
1.2490,16.0568,11.4779
1.2500,16.0697,11.4809
1.2510,16.0825,11.4840
1.2520,16.0954,11.4870
1.2530,16.1083,11.4900
1.2540,16.1211,11.4931
1.2550,16.1340,11.4961
1.2560,16.1468,11.4991
1.2570,16.1597,11.5021
1.2580,16.1725,11.5050
1.2590,16.1854,11.5080
1.2600,16.1982,11.5110
1.2610,16.2111,11.5139
1.2620,16.2240,11.5169
1.2630,16.2368,11.5198
1.2640,16.2497,11.5227
1.2650,16.2625,11.5256
1.2660,16.2754,11.5285
1.2670,16.2882,11.5314
1.2680,16.3011,11.5343
1.2690,16.3139,11.5372
1.2700,16.3268,11.5400
1.2710,16.3397,11.5429
1.2720,16.3525,11.5457
1.2730,16.3654,11.5486
1.2740,16.3782,11.5514
1.2750,16.3911,11.5542
1.2760,16.4039,11.5570
1.2770,16.4168,11.5598
1.2780,16.4297,11.5626
1.2790,16.4425,11.5653
1.2800,16.4554,11.5681
1.2810,16.4682,11.5709
1.2820,16.4811,11.5736
1.2830,16.4939,11.5763
1.2840,16.5068,11.5791
1.2850,16.5196,11.5818
1.2860,16.5325,11.5845
1.2870,16.5454,11.5872
1.2880,16.5582,11.5899
1.2890,16.5711,11.5925
1.2900,16.5839,11.5952
1.2910,16.5968,11.5979
1.2920,16.6096,11.6005
1.2930,16.6225,11.6031
1.2940,16.6353,11.6058
1.2950,16.6482,11.6084
1.2960,16.6611,11.6110
1.2970,16.6739,11.6136
1.2980,16.6868,11.6162
1.2990,16.6996,11.6188
1.3000,16.7125,11.6213
1.3010,16.7253,11.6239
1.3020,16.7382,11.6264
1.3030,16.7510,11.6290
1.3040,16.7639,11.6315
1.3050,16.7768,11.6340
1.3060,16.7896,11.6365
1.3070,16.8025,11.6390
1.3080,16.8153,11.6415
1.3090,16.8282,11.6440
1.3100,16.8410,11.6465
1.3110,16.8539,11.6489
1.3120,16.8667,11.6514
1.3130,16.8796,11.6538
1.3140,16.8925,11.6562
1.3150,16.9053,11.6587
1.3160,16.9182,11.6611
1.3170,16.9310,11.6635
1.3180,16.9439,11.6659
1.3190,16.9567,11.6683
1.3200,16.9696,11.6706
1.3210,16.9824,11.6730
1.3220,16.9953,11.6753
1.3230,17.0082,11.6777
1.3240,17.0210,11.6800
1.3250,17.0339,11.6823
1.3260,17.0467,11.6847
1.3270,17.0596,11.6870
1.3280,17.0724,11.6892
1.3290,17.0853,11.6915
1.3300,17.0982,11.6938
1.3310,17.1110,11.6961
1.3320,17.1239,11.6983
1.3330,17.1367,11.7006
1.3340,17.1496,11.7028
1.3350,17.1624,11.7050
1.3360,17.1753,11.7072
1.3370,17.1881,11.7094
1.3380,17.2010,11.7116
1.3390,17.2139,11.7138
1.3400,17.2267,11.7160
1.3410,17.2396,11.7182
1.3420,17.2524,11.7203
1.3430,17.2653,11.7225
1.3440,17.2781,11.7246
1.3450,17.2910,11.7267
1.3460,17.3038,11.7288
1.3470,17.3167,11.7310
1.3480,17.3296,11.7331
1.3490,17.3424,11.7351
1.3500,17.3553,11.7372
1.3510,17.3681,11.7393
1.3520,17.3810,11.7413
1.3530,17.3938,11.7434
1.3540,17.4067,11.7454
1.3550,17.4195,11.7475
1.3560,17.4324,11.7495
1.3570,17.4453,11.7515
1.3580,17.4581,11.7535
1.3590,17.4710,11.7555
1.3600,17.4838,11.7575
1.3610,17.4967,11.7594
1.3620,17.5095,11.7614
1.3630,17.5224,11.7633
1.3640,17.5352,11.7653
1.3650,17.5481,11.7672
1.3660,17.5610,11.7691
1.3670,17.5738,11.7710
1.3680,17.5867,11.7729
1.3690,17.5995,11.7748
1.3700,17.6124,11.7767
1.3710,17.6252,11.7786
1.3720,17.6381,11.7804
1.3730,17.6509,11.7823
1.3740,17.6638,11.7841
1.3750,17.6767,11.7860
1.3760,17.6895,11.7878
1.3770,17.7024,11.7896
1.3780,17.7152,11.7914
1.3790,17.7281,11.7932
1.3800,17.7409,11.7950
1.3810,17.7538,11.7967
1.3820,17.7666,11.7985
1.3830,17.7795,11.8003
1.3840,17.7924,11.8020
1.3850,17.8052,11.8037
1.3860,17.8181,11.8055
1.3870,17.8309,11.8072
1.3880,17.8438,11.8089
1.3890,17.8566,11.8106
1.3900,17.8695,11.8123
1.3910,17.8824,11.8139
1.3920,17.8952,11.8156
1.3930,17.9081,11.8173
1.3940,17.9209,11.8189
1.3950,17.9338,11.8205
1.3960,17.9466,11.8222
1.3970,17.9595,11.8238
1.3980,17.9723,11.8254
1.3990,17.9852,11.8270
1.4000,17.9981,11.8286
1.4010,18.0109,11.8302
1.4020,18.0238,11.8317
1.4030,18.0366,11.8333
1.4040,18.0495,11.8348
1.4050,18.0623,11.8364
1.4060,18.0752,11.8379
1.4070,18.0880,11.8394
1.4080,18.1009,11.8409
1.4090,18.1138,11.8424
1.4100,18.1266,11.8439
1.4110,18.1395,11.8454
1.4120,18.1523,11.8469
1.4130,18.1652,11.8483
1.4140,18.1780,11.8498
1.4150,18.1909,11.8512
1.4160,18.2037,11.8526
1.4170,18.2166,11.8541
1.4180,18.2295,11.8555
1.4190,18.2423,11.8569
1.4200,18.2552,11.8583
1.4210,18.2680,11.8596
1.4220,18.2809,11.8610
1.4230,18.2937,11.8624
1.4240,18.3066,11.8637
1.4250,18.3194,11.8651
1.4260,18.3323,11.8664
1.4270,18.3452,11.8677
1.4280,18.3580,11.8690
1.4290,18.3709,11.8703
1.4300,18.3837,11.8716
1.4310,18.3966,11.8729
1.4320,18.4094,11.8742
1.4330,18.4223,11.8754
1.4340,18.4351,11.8767
1.4350,18.4480,11.8779
1.4360,18.4609,11.8792
1.4370,18.4737,11.8804
1.4380,18.4866,11.8816
1.4390,18.4994,11.8828
1.4400,18.5123,11.8840
1.4410,18.5251,11.8852
1.4420,18.5380,11.8864
1.4430,18.5509,11.8875
1.4440,18.5637,11.8887
1.4450,18.5766,11.8898
1.4460,18.5894,11.8910
1.4470,18.6023,11.8921
1.4480,18.6151,11.8932
1.4490,18.6280,11.8943
1.4500,18.6408,11.8954
1.4510,18.6537,11.8965
1.4520,18.6666,11.8976
1.4530,18.6794,11.8986
1.4540,18.6923,11.8997
1.4550,18.7051,11.9007
1.4560,18.7180,11.9018
1.4570,18.7308,11.9028
1.4580,18.7437,11.9038
1.4590,18.7565,11.9048
1.4600,18.7694,11.9058
1.4610,18.7823,11.9068
1.4620,18.7951,11.9078
1.4630,18.8080,11.9088
1.4640,18.8208,11.9097
1.4650,18.8337,11.9107
1.4660,18.8465,11.9116
1.4670,18.8594,11.9126
1.4680,18.8722,11.9135
1.4690,18.8851,11.9144
1.4700,18.8980,11.9153
1.4710,18.9108,11.9162
1.4720,18.9237,11.9171
1.4730,18.9365,11.9179
1.4740,18.9494,11.9188
1.4750,18.9622,11.9196
1.4760,18.9751,11.9205
1.4770,18.9879,11.9213
1.4780,19.0008,11.9221
1.4790,19.0137,11.9229
1.4800,19.0265,11.9237
1.4810,19.0394,11.9245
1.4820,19.0522,11.9253
1.4830,19.0651,11.9261
1.4840,19.0779,11.9269
1.4850,19.0908,11.9276
1.4860,19.1036,11.9284
1.4870,19.1165,11.9291
1.4880,19.1294,11.9298
1.4890,19.1422,11.9305
1.4900,19.1551,11.9312
1.4910,19.1679,11.9319
1.4920,19.1808,11.9326
1.4930,19.1936,11.9333
1.4940,19.2065,11.9339
1.4950,19.2193,11.9346
1.4960,19.2322,11.9352
1.4970,19.2451,11.9359
1.4980,19.2579,11.9365
1.4990,19.2708,11.9371
1.5000,19.2836,11.9377
1.5010,19.2965,11.9383
1.5020,19.3093,11.9389
1.5030,19.3222,11.9395
1.5040,19.3351,11.9401
1.5050,19.3479,11.9406
1.5060,19.3608,11.9412
1.5070,19.3736,11.9417
1.5080,19.3865,11.9422
1.5090,19.3993,11.9427
1.5100,19.4122,11.9432
1.5110,19.4250,11.9437
1.5120,19.4379,11.9442
1.5130,19.4508,11.9447
1.5140,19.4636,11.9452
1.5150,19.4765,11.9456
1.5160,19.4893,11.9461
1.5170,19.5022,11.9465
1.5180,19.5150,11.9470
1.5190,19.5279,11.9474
1.5200,19.5407,11.9478
1.5210,19.5536,11.9482
1.5220,19.5665,11.9486
1.5230,19.5793,11.9490
1.5240,19.5922,11.9493
1.5250,19.6050,11.9497
1.5260,19.6179,11.9500
1.5270,19.6307,11.9504
1.5280,19.6436,11.9507
1.5290,19.6564,11.9510
1.5300,19.6693,11.9513
1.5310,19.6822,11.9516
1.5320,19.6950,11.9519
1.5330,19.7079,11.9522
1.5340,19.7207,11.9525
1.5350,19.7336,11.9528
1.5360,19.7464,11.9530
1.5370,19.7593,11.9532
1.5380,19.7721,11.9535
1.5390,19.7850,11.9537
1.5400,19.7979,11.9539
1.5410,19.8107,11.9541
1.5420,19.8236,11.9543
1.5430,19.8364,11.9545
1.5440,19.8493,11.9547
1.5450,19.8621,11.9548
1.5460,19.8750,11.9550
1.5470,19.8878,11.9551
1.5480,19.9007,11.9553
1.5490,19.9136,11.9554
1.5500,19.9264,11.9555
1.5510,19.9393,11.9556
1.5520,19.9521,11.9557
1.5530,19.9650,11.9558
1.5540,19.9778,11.9559
1.5550,19.9907,11.9559
1.5560,20.0036,11.9560
1.5570,20.0164,11.9560
1.5580,20.0293,11.9561
1.5590,20.0421,11.9561
1.5600,20.0550,11.9561
1.5610,20.0678,11.9561
1.5620,20.0807,11.9561
1.5630,20.0935,11.9561
1.5640,20.1064,11.9561
1.5650,20.1193,11.9561
1.5660,20.1321,11.9560
1.5670,20.1450,11.9560
1.5680,20.1578,11.9559
1.5690,20.1707,11.9558
1.5700,20.1835,11.9558
1.5710,20.1964,11.9557
1.5720,20.2092,11.9556
1.5730,20.2221,11.9555
1.5740,20.2350,11.9553
1.5750,20.2478,11.9552
1.5760,20.2607,11.9551
1.5770,20.2735,11.9549
1.5780,20.2864,11.9548
1.5790,20.2992,11.9546
1.5800,20.3121,11.9544
1.5810,20.3249,11.9542
1.5820,20.3378,11.9540
1.5830,20.3507,11.9538
1.5840,20.3635,11.9536
1.5850,20.3764,11.9534
1.5860,20.3892,11.9531
1.5870,20.4021,11.9529
1.5880,20.4149,11.9526
1.5890,20.4278,11.9524
1.5900,20.4406,11.9521
1.5910,20.4535,11.9518
1.5920,20.4664,11.9515
1.5930,20.4792,11.9512
1.5940,20.4921,11.9509
1.5950,20.5049,11.9506
1.5960,20.5178,11.9502
1.5970,20.5306,11.9499
1.5980,20.5435,11.9495
1.5990,20.5563,11.9491
1.6000,20.5692,11.9488
1.6010,20.5821,11.9484
1.6020,20.5949,11.9480
1.6030,20.6078,11.9476
1.6040,20.6206,11.9472
1.6050,20.6335,11.9468
1.6060,20.6463,11.9463
1.6070,20.6592,11.9459
1.6080,20.6720,11.9454
1.6090,20.6849,11.9450
1.6100,20.6978,11.9445
1.6110,20.7106,11.9440
1.6120,20.7235,11.9435
1.6130,20.7363,11.9430
1.6140,20.7492,11.9425
1.6150,20.7620,11.9420
1.6160,20.7749,11.9414
1.6170,20.7878,11.9409
1.6180,20.8006,11.9403
1.6190,20.8135,11.9398
1.6200,20.8263,11.9392
1.6210,20.8392,11.9386
1.6220,20.8520,11.9380
1.6230,20.8649,11.9374
1.6240,20.8777,11.9368
1.6250,20.8906,11.9362
1.6260,20.9035,11.9356
1.6270,20.9163,11.9349
1.6280,20.9292,11.9343
1.6290,20.9420,11.9336
1.6300,20.9549,11.9330
1.6310,20.9677,11.9323
1.6320,20.9806,11.9316
1.6330,20.9934,11.9309
1.6340,21.0063,11.9302
1.6350,21.0192,11.9295
1.6360,21.0320,11.9287
1.6370,21.0449,11.9280
1.6380,21.0577,11.9273
1.6390,21.0706,11.9265
1.6400,21.0834,11.9257
1.6410,21.0963,11.9249
1.6420,21.1091,11.9242
1.6430,21.1220,11.9234
1.6440,21.1349,11.9226
1.6450,21.1477,11.9217
1.6460,21.1606,11.9209
1.6470,21.1734,11.9201
1.6480,21.1863,11.9192
1.6490,21.1991,11.9184
1.6500,21.2120,11.9175
1.6510,21.2248,11.9166
1.6520,21.2377,11.9158
1.6530,21.2506,11.9149
1.6540,21.2634,11.9140
1.6550,21.2763,11.9130
1.6560,21.2891,11.9121
1.6570,21.3020,11.9112
1.6580,21.3148,11.9102
1.6590,21.3277,11.9093
1.6600,21.3405,11.9083
1.6610,21.3534,11.9073
1.6620,21.3663,11.9064
1.6630,21.3791,11.9054
1.6640,21.3920,11.9044
1.6650,21.4048,11.9033
1.6660,21.4177,11.9023
1.6670,21.4305,11.9013
1.6680,21.4434,11.9003
1.6690,21.4563,11.8992
1.6700,21.4691,11.8981
1.6710,21.4820,11.8971
1.6720,21.4948,11.8960
1.6730,21.5077,11.8949
1.6740,21.5205,11.8938
1.6750,21.5334,11.8927
1.6760,21.5462,11.8916
1.6770,21.5591,11.8904
1.6780,21.5720,11.8893
1.6790,21.5848,11.8881
1.6800,21.5977,11.8870
1.6810,21.6105,11.8858
1.6820,21.6234,11.8846
1.6830,21.6362,11.8834
1.6840,21.6491,11.8822
1.6850,21.6619,11.8810
1.6860,21.6748,11.8798
1.6870,21.6877,11.8786
1.6880,21.7005,11.8773
1.6890,21.7134,11.8761
1.6900,21.7262,11.8748
1.6910,21.7391,11.8736
1.6920,21.7519,11.8723
1.6930,21.7648,11.8710
1.6940,21.7776,11.8697
1.6950,21.7905,11.8684
1.6960,21.8034,11.8671
1.6970,21.8162,11.8658
1.6980,21.8291,11.8644
1.6990,21.8419,11.8631
1.7000,21.8548,11.8617
1.7010,21.8676,11.8604
1.7020,21.8805,11.8590
1.7030,21.8933,11.8576
1.7040,21.9062,11.8562
1.7050,21.9191,11.8548
1.7060,21.9319,11.8534
1.7070,21.9448,11.8520
1.7080,21.9576,11.8505
1.7090,21.9705,11.8491
1.7100,21.9833,11.8476
1.7110,21.9962,11.8462
1.7120,22.0090,11.8447
1.7130,22.0219,11.8432
1.7140,22.0348,11.8417
1.7150,22.0476,11.8402
1.7160,22.0605,11.8387
1.7170,22.0733,11.8372
1.7180,22.0862,11.8356
1.7190,22.0990,11.8341
1.7200,22.1119,11.8325
1.7210,22.1247,11.8310
1.7220,22.1376,11.8294
1.7230,22.1505,11.8278
1.7240,22.1633,11.8262
1.7250,22.1762,11.8246
1.7260,22.1890,11.8230
1.7270,22.2019,11.8214
1.7280,22.2147,11.8198
1.7290,22.2276,11.8181
1.7300,22.2405,11.8165
1.7310,22.2533,11.8148
1.7320,22.2662,11.8131
1.7330,22.2790,11.8115
1.7340,22.2919,11.8098
1.7350,22.3047,11.8081
1.7360,22.3176,11.8064
1.7370,22.3304,11.8047
1.7380,22.3433,11.8029
1.7390,22.3562,11.8012
1.7400,22.3690,11.7994
1.7410,22.3819,11.7977
1.7420,22.3947,11.7959
1.7430,22.4076,11.7941
1.7440,22.4204,11.7923
1.7450,22.4333,11.7905
1.7460,22.4461,11.7887
1.7470,22.4590,11.7869
1.7480,22.4719,11.7851
1.7490,22.4847,11.7833
1.7500,22.4976,11.7814
1.7510,22.5104,11.7796
1.7520,22.5233,11.7777
1.7530,22.5361,11.7758
1.7540,22.5490,11.7739
1.7550,22.5618,11.7720
1.7560,22.5747,11.7701
1.7570,22.5876,11.7682
1.7580,22.6004,11.7663
1.7590,22.6133,11.7643
1.7600,22.6261,11.7624
1.7610,22.6390,11.7604
1.7620,22.6518,11.7585
1.7630,22.6647,11.7565
1.7640,22.6775,11.7545
1.7650,22.6904,11.7525
1.7660,22.7033,11.7505
1.7670,22.7161,11.7485
1.7680,22.7290,11.7465
1.7690,22.7418,11.7445
1.7700,22.7547,11.7424
1.7710,22.7675,11.7404
1.7720,22.7804,11.7383
1.7730,22.7932,11.7362
1.7740,22.8061,11.7341
1.7750,22.8190,11.7321
1.7760,22.8318,11.7300
1.7770,22.8447,11.7278
1.7780,22.8575,11.7257
1.7790,22.8704,11.7236
1.7800,22.8832,11.7214
1.7810,22.8961,11.7193
1.7820,22.9090,11.7171
1.7830,22.9218,11.7150
1.7840,22.9347,11.7128
1.7850,22.9475,11.7106
1.7860,22.9604,11.7084
1.7870,22.9732,11.7062
1.7880,22.9861,11.7040
1.7890,22.9989,11.7017
1.7900,23.0118,11.6995
1.7910,23.0247,11.6973
1.7920,23.0375,11.6950
1.7930,23.0504,11.6927
1.7940,23.0632,11.6904
1.7950,23.0761,11.6882
1.7960,23.0889,11.6859
1.7970,23.1018,11.6836
1.7980,23.1146,11.6812
1.7990,23.1275,11.6789
1.8000,23.1404,11.6766
1.8010,23.1532,11.6742
1.8020,23.1661,11.6719
1.8030,23.1789,11.6695
1.8040,23.1918,11.6671
1.8050,23.2046,11.6647
1.8060,23.2175,11.6623
1.8070,23.2303,11.6599
1.8080,23.2432,11.6575
1.8090,23.2561,11.6551
1.8100,23.2689,11.6527
1.8110,23.2818,11.6502
1.8120,23.2946,11.6478
1.8130,23.3075,11.6453
1.8140,23.3203,11.6428
1.8150,23.3332,11.6403
1.8160,23.3460,11.6378
1.8170,23.3589,11.6353
1.8180,23.3718,11.6328
1.8190,23.3846,11.6303
1.8200,23.3975,11.6278
1.8210,23.4103,11.6252
1.8220,23.4232,11.6227
1.8230,23.4360,11.6201
1.8240,23.4489,11.6175
1.8250,23.4617,11.6150
1.8260,23.4746,11.6124
1.8270,23.4875,11.6098
1.8280,23.5003,11.6071
1.8290,23.5132,11.6045
1.8300,23.5260,11.6019
1.8310,23.5389,11.5993
1.8320,23.5517,11.5966
1.8330,23.5646,11.5939
1.8340,23.5774,11.5913
1.8350,23.5903,11.5886
1.8360,23.6032,11.5859
1.8370,23.6160,11.5832
1.8380,23.6289,11.5805
1.8390,23.6417,11.5778
1.8400,23.6546,11.5750
1.8410,23.6674,11.5723
1.8420,23.6803,11.5696
1.8430,23.6932,11.5668
1.8440,23.7060,11.5640
1.8450,23.7189,11.5612
1.8460,23.7317,11.5585
1.8470,23.7446,11.5557
1.8480,23.7574,11.5529
1.8490,23.7703,11.5500
1.8500,23.7831,11.5472
1.8510,23.7960,11.5444
1.8520,23.8089,11.5415
1.8530,23.8217,11.5387
1.8540,23.8346,11.5358
1.8550,23.8474,11.5329
1.8560,23.8603,11.5300
1.8570,23.8731,11.5271
1.8580,23.8860,11.5242
1.8590,23.8988,11.5213
1.8600,23.9117,11.5184
1.8610,23.9246,11.5155
1.8620,23.9374,11.5125
1.8630,23.9503,11.5096
1.8640,23.9631,11.5066
1.8650,23.9760,11.5036
1.8660,23.9888,11.5006
1.8670,24.0017,11.4976
1.8680,24.0145,11.4946
1.8690,24.0274,11.4916
1.8700,24.0403,11.4886
1.8710,24.0531,11.4856
1.8720,24.0660,11.4825
1.8730,24.0788,11.4795
1.8740,24.0917,11.4764
1.8750,24.1045,11.4733
1.8760,24.1174,11.4702
1.8770,24.1302,11.4672
1.8780,24.1431,11.4641
1.8790,24.1560,11.4609
1.8800,24.1688,11.4578
1.8810,24.1817,11.4547
1.8820,24.1945,11.4515
1.8830,24.2074,11.4484
1.8840,24.2202,11.4452
1.8850,24.2331,11.4421
1.8860,24.2459,11.4389
1.8870,24.2588,11.4357
1.8880,24.2717,11.4325
1.8890,24.2845,11.4293
1.8900,24.2974,11.4261
1.8910,24.3102,11.4228
1.8920,24.3231,11.4196
1.8930,24.3359,11.4163
1.8940,24.3488,11.4131
1.8950,24.3617,11.4098
1.8960,24.3745,11.4065
1.8970,24.3874,11.4032
1.8980,24.4002,11.3999
1.8990,24.4131,11.3966
1.9000,24.4259,11.3933
1.9010,24.4388,11.3900
1.9020,24.4516,11.3867
1.9030,24.4645,11.3833
1.9040,24.4774,11.3799
1.9050,24.4902,11.3766
1.9060,24.5031,11.3732
1.9070,24.5159,11.3698
1.9080,24.5288,11.3664
1.9090,24.5416,11.3630
1.9100,24.5545,11.3596
1.9110,24.5673,11.3562
1.9120,24.5802,11.3527
1.9130,24.5931,11.3493
1.9140,24.6059,11.3458
1.9150,24.6188,11.3424
1.9160,24.6316,11.3389
1.9170,24.6445,11.3354
1.9180,24.6573,11.3319
1.9190,24.6702,11.3284
1.9200,24.6830,11.3249
1.9210,24.6959,11.3214
1.9220,24.7088,11.3178
1.9230,24.7216,11.3143
1.9240,24.7345,11.3107
1.9250,24.7473,11.3072
1.9260,24.7602,11.3036
1.9270,24.7730,11.3000
1.9280,24.7859,11.2964
1.9290,24.7987,11.2928
1.9300,24.8116,11.2892
1.9310,24.8245,11.2856
1.9320,24.8373,11.2820
1.9330,24.8502,11.2783
1.9340,24.8630,11.2747
1.9350,24.8759,11.2710
1.9360,24.8887,11.2673
1.9370,24.9016,11.2637
1.9380,24.9144,11.2600
1.9390,24.9273,11.2563
1.9400,24.9402,11.2526
1.9410,24.9530,11.2488
1.9420,24.9659,11.2451
1.9430,24.9787,11.2414
1.9440,24.9916,11.2376
1.9450,25.0044,11.2339
1.9460,25.0173,11.2301
1.9470,25.0301,11.2263
1.9480,25.0430,11.2225
1.9490,25.0559,11.2187
1.9500,25.0687,11.2149
1.9510,25.0816,11.2111
1.9520,25.0944,11.2073
1.9530,25.1073,11.2034
1.9540,25.1201,11.1996
1.9550,25.1330,11.1957
1.9560,25.1459,11.1918
1.9570,25.1587,11.1880
1.9580,25.1716,11.1841
1.9590,25.1844,11.1802
1.9600,25.1973,11.1763
1.9610,25.2101,11.1724
1.9620,25.2230,11.1684
1.9630,25.2358,11.1645
1.9640,25.2487,11.1606
1.9650,25.2616,11.1566
1.9660,25.2744,11.1526
1.9670,25.2873,11.1487
1.9680,25.3001,11.1447
1.9690,25.3130,11.1407
1.9700,25.3258,11.1367
1.9710,25.3387,11.1327
1.9720,25.3515,11.1286
1.9730,25.3644,11.1246
1.9740,25.3773,11.1206
1.9750,25.3901,11.1165
1.9760,25.4030,11.1124
1.9770,25.4158,11.1084
1.9780,25.4287,11.1043
1.9790,25.4415,11.1002
1.9800,25.4544,11.0961
1.9810,25.4672,11.0920
1.9820,25.4801,11.0879
1.9830,25.4930,11.0837
1.9840,25.5058,11.0796
1.9850,25.5187,11.0754
1.9860,25.5315,11.0713
1.9870,25.5444,11.0671
1.9880,25.5572,11.0629
1.9890,25.5701,11.0587
1.9900,25.5829,11.0545
1.9910,25.5958,11.0503
1.9920,25.6087,11.0461
1.9930,25.6215,11.0419
1.9940,25.6344,11.0376
1.9950,25.6472,11.0334
1.9960,25.6601,11.0291
1.9970,25.6729,11.0248
1.9980,25.6858,11.0206
1.9990,25.6986,11.0163
2.0000,25.7115,11.0120
2.0010,25.7244,11.0077
2.0020,25.7372,11.0033
2.0030,25.7501,10.9990
2.0040,25.7629,10.9947
2.0050,25.7758,10.9903
2.0060,25.7886,10.9860
2.0070,25.8015,10.9816
2.0080,25.8144,10.9772
2.0090,25.8272,10.9728
2.0100,25.8401,10.9684
2.0110,25.8529,10.9640
2.0120,25.8658,10.9596
2.0130,25.8786,10.9552
2.0140,25.8915,10.9508
2.0150,25.9043,10.9463
2.0160,25.9172,10.9418
2.0170,25.9301,10.9374
2.0180,25.9429,10.9329
2.0190,25.9558,10.9284
2.0200,25.9686,10.9239
2.0210,25.9815,10.9194
2.0220,25.9943,10.9149
2.0230,26.0072,10.9104
2.0240,26.0200,10.9058
2.0250,26.0329,10.9013
2.0260,26.0458,10.8967
2.0270,26.0586,10.8922
2.0280,26.0715,10.8876
2.0290,26.0843,10.8830
2.0300,26.0972,10.8784
2.0310,26.1100,10.8738
2.0320,26.1229,10.8692
2.0330,26.1357,10.8646
2.0340,26.1486,10.8600
2.0350,26.1615,10.8553
2.0360,26.1743,10.8507
2.0370,26.1872,10.8460
2.0380,26.2000,10.8413
2.0390,26.2129,10.8367
2.0400,26.2257,10.8320
2.0410,26.2386,10.8273
2.0420,26.2514,10.8225
2.0430,26.2643,10.8178
2.0440,26.2772,10.8131
2.0450,26.2900,10.8084
2.0460,26.3029,10.8036
2.0470,26.3157,10.7988
2.0480,26.3286,10.7941
2.0490,26.3414,10.7893
2.0500,26.3543,10.7845
2.0510,26.3671,10.7797
2.0520,26.3800,10.7749
2.0530,26.3929,10.7701
2.0540,26.4057,10.7652
2.0550,26.4186,10.7604
2.0560,26.4314,10.7556
2.0570,26.4443,10.7507
2.0580,26.4571,10.7458
2.0590,26.4700,10.7410
2.0600,26.4828,10.7361
2.0610,26.4957,10.7312
2.0620,26.5086,10.7263
2.0630,26.5214,10.7213
2.0640,26.5343,10.7164
2.0650,26.5471,10.7115
2.0660,26.5600,10.7065
2.0670,26.5728,10.7016
2.0680,26.5857,10.6966
2.0690,26.5986,10.6916
2.0700,26.6114,10.6867
2.0710,26.6243,10.6817
2.0720,26.6371,10.6767
2.0730,26.6500,10.6716
2.0740,26.6628,10.6666
2.0750,26.6757,10.6616
2.0760,26.6885,10.6565
2.0770,26.7014,10.6515
2.0780,26.7143,10.6464
2.0790,26.7271,10.6413
2.0800,26.7400,10.6363
2.0810,26.7528,10.6312
2.0820,26.7657,10.6261
2.0830,26.7785,10.6209
2.0840,26.7914,10.6158
2.0850,26.8042,10.6107
2.0860,26.8171,10.6055
2.0870,26.8300,10.6004
2.0880,26.8428,10.5952
2.0890,26.8557,10.5901
2.0900,26.8685,10.5849
2.0910,26.8814,10.5797
2.0920,26.8942,10.5745
2.0930,26.9071,10.5693
2.0940,26.9199,10.5640
2.0950,26.9328,10.5588
2.0960,26.9457,10.5536
2.0970,26.9585,10.5483
2.0980,26.9714,10.5431
2.0990,26.9842,10.5378
2.1000,26.9971,10.5325
2.1010,27.0099,10.5272
2.1020,27.0228,10.5219
2.1030,27.0356,10.5166
2.1040,27.0485,10.5113
2.1050,27.0614,10.5060
2.1060,27.0742,10.5006
2.1070,27.0871,10.4953
2.1080,27.0999,10.4899
2.1090,27.1128,10.4846
2.1100,27.1256,10.4792
2.1110,27.1385,10.4738
2.1120,27.1513,10.4684
2.1130,27.1642,10.4630
2.1140,27.1771,10.4576
2.1150,27.1899,10.4521
2.1160,27.2028,10.4467
2.1170,27.2156,10.4413
2.1180,27.2285,10.4358
2.1190,27.2413,10.4303
2.1200,27.2542,10.4249
2.1210,27.2671,10.4194
2.1220,27.2799,10.4139
2.1230,27.2928,10.4084
2.1240,27.3056,10.4029
2.1250,27.3185,10.3973
2.1260,27.3313,10.3918
2.1270,27.3442,10.3862
2.1280,27.3570,10.3807
2.1290,27.3699,10.3751
2.1300,27.3828,10.3696
2.1310,27.3956,10.3640
2.1320,27.4085,10.3584
2.1330,27.4213,10.3528
2.1340,27.4342,10.3472
2.1350,27.4470,10.3415
2.1360,27.4599,10.3359
2.1370,27.4727,10.3303
2.1380,27.4856,10.3246
2.1390,27.4985,10.3189
2.1400,27.5113,10.3133
2.1410,27.5242,10.3076
2.1420,27.5370,10.3019
2.1430,27.5499,10.2962
2.1440,27.5627,10.2905
2.1450,27.5756,10.2848
2.1460,27.5884,10.2790
2.1470,27.6013,10.2733
2.1480,27.6142,10.2675
2.1490,27.6270,10.2618
2.1500,27.6399,10.2560
2.1510,27.6527,10.2502
2.1520,27.6656,10.2444
2.1530,27.6784,10.2386
2.1540,27.6913,10.2328
2.1550,27.7041,10.2270
2.1560,27.7170,10.2212
2.1570,27.7299,10.2153
2.1580,27.7427,10.2095
2.1590,27.7556,10.2036
2.1600,27.7684,10.1978
2.1610,27.7813,10.1919
2.1620,27.7941,10.1860
2.1630,27.8070,10.1801
2.1640,27.8198,10.1742
2.1650,27.8327,10.1683
2.1660,27.8456,10.1623
2.1670,27.8584,10.1564
2.1680,27.8713,10.1505
2.1690,27.8841,10.1445
2.1700,27.8970,10.1385
2.1710,27.9098,10.1326
2.1720,27.9227,10.1266
2.1730,27.9355,10.1206
2.1740,27.9484,10.1146
2.1750,27.9613,10.1085
2.1760,27.9741,10.1025
2.1770,27.9870,10.0965
2.1780,27.9998,10.0904
2.1790,28.0127,10.0844
2.1800,28.0255,10.0783
2.1810,28.0384,10.0722
2.1820,28.0513,10.0662
2.1830,28.0641,10.0601
2.1840,28.0770,10.0540
2.1850,28.0898,10.0479
2.1860,28.1027,10.0417
2.1870,28.1155,10.0356
2.1880,28.1284,10.0295
2.1890,28.1412,10.0233
2.1900,28.1541,10.0171
2.1910,28.1670,10.0110
2.1920,28.1798,10.0048
2.1930,28.1927,9.9986
2.1940,28.2055,9.9924
2.1950,28.2184,9.9862
2.1960,28.2312,9.9800
2.1970,28.2441,9.9737
2.1980,28.2569,9.9675
2.1990,28.2698,9.9612
2.2000,28.2827,9.9550
2.2010,28.2955,9.9487
2.2020,28.3084,9.9424
2.2030,28.3212,9.9361
2.2040,28.3341,9.9298
2.2050,28.3469,9.9235
2.2060,28.3598,9.9172
2.2070,28.3726,9.9109
2.2080,28.3855,9.9045
2.2090,28.3984,9.8982
2.2100,28.4112,9.8918
2.2110,28.4241,9.8854
2.2120,28.4369,9.8791
2.2130,28.4498,9.8727
2.2140,28.4626,9.8663
2.2150,28.4755,9.8599
2.2160,28.4883,9.8535
2.2170,28.5012,9.8470
2.2180,28.5141,9.8406
2.2190,28.5269,9.8341
2.2200,28.5398,9.8277
2.2210,28.5526,9.8212
2.2220,28.5655,9.8147
2.2230,28.5783,9.8083
2.2240,28.5912,9.8018
2.2250,28.6040,9.7952
2.2260,28.6169,9.7887
2.2270,28.6298,9.7822
2.2280,28.6426,9.7757
2.2290,28.6555,9.7691
2.2300,28.6683,9.7626
2.2310,28.6812,9.7560
2.2320,28.6940,9.7494
2.2330,28.7069,9.7428
2.2340,28.7198,9.7362
2.2350,28.7326,9.7296
2.2360,28.7455,9.7230
2.2370,28.7583,9.7164
2.2380,28.7712,9.7098
2.2390,28.7840,9.7031
2.2400,28.7969,9.6965
2.2410,28.8097,9.6898
2.2420,28.8226,9.6831
2.2430,28.8355,9.6765
2.2440,28.8483,9.6698
2.2450,28.8612,9.6631
2.2460,28.8740,9.6563
2.2470,28.8869,9.6496
2.2480,28.8997,9.6429
2.2490,28.9126,9.6362
2.2500,28.9254,9.6294
2.2510,28.9383,9.6226
2.2520,28.9512,9.6159
2.2530,28.9640,9.6091
2.2540,28.9769,9.6023
2.2550,28.9897,9.5955
2.2560,29.0026,9.5887
2.2570,29.0154,9.5819
2.2580,29.0283,9.5750
2.2590,29.0411,9.5682
2.2600,29.0540,9.5613
2.2610,29.0669,9.5545
2.2620,29.0797,9.5476
2.2630,29.0926,9.5407
2.2640,29.1054,9.5338
2.2650,29.1183,9.5269
2.2660,29.1311,9.5200
2.2670,29.1440,9.5131
2.2680,29.1568,9.5062
2.2690,29.1697,9.4993
2.2700,29.1826,9.4923
2.2710,29.1954,9.4854
2.2720,29.2083,9.4784
2.2730,29.2211,9.4714
2.2740,29.2340,9.4644
2.2750,29.2468,9.4574
2.2760,29.2597,9.4504
2.2770,29.2725,9.4434
2.2780,29.2854,9.4364
2.2790,29.2983,9.4293
2.2800,29.3111,9.4223
2.2810,29.3240,9.4152
2.2820,29.3368,9.4082
2.2830,29.3497,9.4011
2.2840,29.3625,9.3940
2.2850,29.3754,9.3869
2.2860,29.3882,9.3798
2.2870,29.4011,9.3727
2.2880,29.4140,9.3656
2.2890,29.4268,9.3584
2.2900,29.4397,9.3513
2.2910,29.4525,9.3441
2.2920,29.4654,9.3370
2.2930,29.4782,9.3298
2.2940,29.4911,9.3226
2.2950,29.5040,9.3154
2.2960,29.5168,9.3082
2.2970,29.5297,9.3010
2.2980,29.5425,9.2938
2.2990,29.5554,9.2866
2.3000,29.5682,9.2793
2.3010,29.5811,9.2721
2.3020,29.5939,9.2648
2.3030,29.6068,9.2575
2.3040,29.6197,9.2502
2.3050,29.6325,9.2430
2.3060,29.6454,9.2357
2.3070,29.6582,9.2283
2.3080,29.6711,9.2210
2.3090,29.6839,9.2137
2.3100,29.6968,9.2064
2.3110,29.7096,9.1990
2.3120,29.7225,9.1916
2.3130,29.7354,9.1843
2.3140,29.7482,9.1769
2.3150,29.7611,9.1695
2.3160,29.7739,9.1621
2.3170,29.7868,9.1547
2.3180,29.7996,9.1473
2.3190,29.8125,9.1398
2.3200,29.8253,9.1324
2.3210,29.8382,9.1250
2.3220,29.8511,9.1175
2.3230,29.8639,9.1100
2.3240,29.8768,9.1026
2.3250,29.8896,9.0951
2.3260,29.9025,9.0876
2.3270,29.9153,9.0801
2.3280,29.9282,9.0726
2.3290,29.9410,9.0650
2.3300,29.9539,9.0575
2.3310,29.9668,9.0499
2.3320,29.9796,9.0424
2.3330,29.9925,9.0348
2.3340,30.0053,9.0272
2.3350,30.0182,9.0197
2.3360,30.0310,9.0121
2.3370,30.0439,9.0045
2.3380,30.0567,8.9968
2.3390,30.0696,8.9892
2.3400,30.0825,8.9816
2.3410,30.0953,8.9739
2.3420,30.1082,8.9663
2.3430,30.1210,8.9586
2.3440,30.1339,8.9509
2.3450,30.1467,8.9433
2.3460,30.1596,8.9356
2.3470,30.1725,8.9279
2.3480,30.1853,8.9202
2.3490,30.1982,8.9124
2.3500,30.2110,8.9047
2.3510,30.2239,8.8970
2.3520,30.2367,8.8892
2.3530,30.2496,8.8814
2.3540,30.2624,8.8737
2.3550,30.2753,8.8659
2.3560,30.2882,8.8581
2.3570,30.3010,8.8503
2.3580,30.3139,8.8425
2.3590,30.3267,8.8347
2.3600,30.3396,8.8268
2.3610,30.3524,8.8190
2.3620,30.3653,8.8111
2.3630,30.3781,8.8033
2.3640,30.3910,8.7954
2.3650,30.4039,8.7875
2.3660,30.4167,8.7796
2.3670,30.4296,8.7717
2.3680,30.4424,8.7638
2.3690,30.4553,8.7559
2.3700,30.4681,8.7480
2.3710,30.4810,8.7400
2.3720,30.4938,8.7321
2.3730,30.5067,8.7241
2.3740,30.5196,8.7162
2.3750,30.5324,8.7082
2.3760,30.5453,8.7002
2.3770,30.5581,8.6922
2.3780,30.5710,8.6842
2.3790,30.5838,8.6762
2.3800,30.5967,8.6682
2.3810,30.6095,8.6601
2.3820,30.6224,8.6521
2.3830,30.6353,8.6440
2.3840,30.6481,8.6360
2.3850,30.6610,8.6279
2.3860,30.6738,8.6198
2.3870,30.6867,8.6117
2.3880,30.6995,8.6036
2.3890,30.7124,8.5955
2.3900,30.7252,8.5874
2.3910,30.7381,8.5792
2.3920,30.7510,8.5711
2.3930,30.7638,8.5629
2.3940,30.7767,8.5548
2.3950,30.7895,8.5466
2.3960,30.8024,8.5384
2.3970,30.8152,8.5302
2.3980,30.8281,8.5220
2.3990,30.8409,8.5138
2.4000,30.8538,8.5056
2.4010,30.8667,8.4973
2.4020,30.8795,8.4891
2.4030,30.8924,8.4808
2.4040,30.9052,8.4726
2.4050,30.9181,8.4643
2.4060,30.9309,8.4560
2.4070,30.9438,8.4477
2.4080,30.9567,8.4394
2.4090,30.9695,8.4311
2.4100,30.9824,8.4228
2.4110,30.9952,8.4145
2.4120,31.0081,8.4061
2.4130,31.0209,8.3978
2.4140,31.0338,8.3894
2.4150,31.0466,8.3810
2.4160,31.0595,8.3727
2.4170,31.0724,8.3643
2.4180,31.0852,8.3559
2.4190,31.0981,8.3475
2.4200,31.1109,8.3390
2.4210,31.1238,8.3306
2.4220,31.1366,8.3222
2.4230,31.1495,8.3137
2.4240,31.1623,8.3053
2.4250,31.1752,8.2968
2.4260,31.1881,8.2883
2.4270,31.2009,8.2798
2.4280,31.2138,8.2713
2.4290,31.2266,8.2628
2.4300,31.2395,8.2543
2.4310,31.2523,8.2458
2.4320,31.2652,8.2372
2.4330,31.2780,8.2287
2.4340,31.2909,8.2201
2.4350,31.3038,8.2116
2.4360,31.3166,8.2030
2.4370,31.3295,8.1944
2.4380,31.3423,8.1858
2.4390,31.3552,8.1772
2.4400,31.3680,8.1686
2.4410,31.3809,8.1600
2.4420,31.3937,8.1513
2.4430,31.4066,8.1427
2.4440,31.4195,8.1340
2.4450,31.4323,8.1254
2.4460,31.4452,8.1167
2.4470,31.4580,8.1080
2.4480,31.4709,8.0993
2.4490,31.4837,8.0906
2.4500,31.4966,8.0819
2.4510,31.5094,8.0732
2.4520,31.5223,8.0644
2.4530,31.5352,8.0557
2.4540,31.5480,8.0469
2.4550,31.5609,8.0382
2.4560,31.5737,8.0294
2.4570,31.5866,8.0206
2.4580,31.5994,8.0118
2.4590,31.6123,8.0030
2.4600,31.6252,7.9942
2.4610,31.6380,7.9854
2.4620,31.6509,7.9766
2.4630,31.6637,7.9677
2.4640,31.6766,7.9589
2.4650,31.6894,7.9500
2.4660,31.7023,7.9411
2.4670,31.7151,7.9323
2.4680,31.7280,7.9234
2.4690,31.7409,7.9145
2.4700,31.7537,7.9056
2.4710,31.7666,7.8966
2.4720,31.7794,7.8877
2.4730,31.7923,7.8788
2.4740,31.8051,7.8698
2.4750,31.8180,7.8609
2.4760,31.8308,7.8519
2.4770,31.8437,7.8429
2.4780,31.8566,7.8339
2.4790,31.8694,7.8249
2.4800,31.8823,7.8159
2.4810,31.8951,7.8069
2.4820,31.9080,7.7979
2.4830,31.9208,7.7888
2.4840,31.9337,7.7798
2.4850,31.9465,7.7707
2.4860,31.9594,7.7617
2.4870,31.9723,7.7526
2.4880,31.9851,7.7435
2.4890,31.9980,7.7344
2.4900,32.0108,7.7253
2.4910,32.0237,7.7162
2.4920,32.0365,7.7071
2.4930,32.0494,7.6979
2.4940,32.0622,7.6888
2.4950,32.0751,7.6796
2.4960,32.0880,7.6705
2.4970,32.1008,7.6613
2.4980,32.1137,7.6521
2.4990,32.1265,7.6429
2.5000,32.1394,7.6337
2.5010,32.1522,7.6245
2.5020,32.1651,7.6153
2.5030,32.1779,7.6060
2.5040,32.1908,7.5968
2.5050,32.2037,7.5875
2.5060,32.2165,7.5783
2.5070,32.2294,7.5690
2.5080,32.2422,7.5597
2.5090,32.2551,7.5504
2.5100,32.2679,7.5411
2.5110,32.2808,7.5318
2.5120,32.2936,7.5225
2.5130,32.3065,7.5132
2.5140,32.3194,7.5038
2.5150,32.3322,7.4945
2.5160,32.3451,7.4851
2.5170,32.3579,7.4757
2.5180,32.3708,7.4664
2.5190,32.3836,7.4570
2.5200,32.3965,7.4476
2.5210,32.4094,7.4382
2.5220,32.4222,7.4287
2.5230,32.4351,7.4193
2.5240,32.4479,7.4099
2.5250,32.4608,7.4004
2.5260,32.4736,7.3910
2.5270,32.4865,7.3815
2.5280,32.4993,7.3720
2.5290,32.5122,7.3625
2.5300,32.5251,7.3530
2.5310,32.5379,7.3435
2.5320,32.5508,7.3340
2.5330,32.5636,7.3245
2.5340,32.5765,7.3149
2.5350,32.5893,7.3054
2.5360,32.6022,7.2958
2.5370,32.6150,7.2863
2.5380,32.6279,7.2767
2.5390,32.6408,7.2671
2.5400,32.6536,7.2575
2.5410,32.6665,7.2479
2.5420,32.6793,7.2383
2.5430,32.6922,7.2287
2.5440,32.7050,7.2190
2.5450,32.7179,7.2094
2.5460,32.7307,7.1997
2.5470,32.7436,7.1901
2.5480,32.7565,7.1804
2.5490,32.7693,7.1707
2.5500,32.7822,7.1610
2.5510,32.7950,7.1513
2.5520,32.8079,7.1416
2.5530,32.8207,7.1319
2.5540,32.8336,7.1221
2.5550,32.8464,7.1124
2.5560,32.8593,7.1026
2.5570,32.8722,7.0929
2.5580,32.8850,7.0831
2.5590,32.8979,7.0733
2.5600,32.9107,7.0635
2.5610,32.9236,7.0537
2.5620,32.9364,7.0439
2.5630,32.9493,7.0341
2.5640,32.9621,7.0242
2.5650,32.9750,7.0144
2.5660,32.9879,7.0045
2.5670,33.0007,6.9947
2.5680,33.0136,6.9848
2.5690,33.0264,6.9749
2.5700,33.0393,6.9650
2.5710,33.0521,6.9551
2.5720,33.0650,6.9452
2.5730,33.0779,6.9353
2.5740,33.0907,6.9254
2.5750,33.1036,6.9154
2.5760,33.1164,6.9055
2.5770,33.1293,6.8955
2.5780,33.1421,6.8856
2.5790,33.1550,6.8756
2.5800,33.1678,6.8656
2.5810,33.1807,6.8556
2.5820,33.1936,6.8456
2.5830,33.2064,6.8356
2.5840,33.2193,6.8255
2.5850,33.2321,6.8155
2.5860,33.2450,6.8055
2.5870,33.2578,6.7954
2.5880,33.2707,6.7853
2.5890,33.2835,6.7753
2.5900,33.2964,6.7652
2.5910,33.3093,6.7551
2.5920,33.3221,6.7450
2.5930,33.3350,6.7348
2.5940,33.3478,6.7247
2.5950,33.3607,6.7146
2.5960,33.3735,6.7044
2.5970,33.3864,6.6943
2.5980,33.3992,6.6841
2.5990,33.4121,6.6739
2.6000,33.4250,6.6638
2.6010,33.4378,6.6536
2.6020,33.4507,6.6434
2.6030,33.4635,6.6331
2.6040,33.4764,6.6229
2.6050,33.4892,6.6127
2.6060,33.5021,6.6024
2.6070,33.5149,6.5922
2.6080,33.5278,6.5819
2.6090,33.5407,6.5717
2.6100,33.5535,6.5614
2.6110,33.5664,6.5511
2.6120,33.5792,6.5408
2.6130,33.5921,6.5305
2.6140,33.6049,6.5201
2.6150,33.6178,6.5098
2.6160,33.6306,6.4995
2.6170,33.6435,6.4891
2.6180,33.6564,6.4787
2.6190,33.6692,6.4684
2.6200,33.6821,6.4580
2.6210,33.6949,6.4476
2.6220,33.7078,6.4372
2.6230,33.7206,6.4268
2.6240,33.7335,6.4164
2.6250,33.7463,6.4059
2.6260,33.7592,6.3955
2.6270,33.7721,6.3851
2.6280,33.7849,6.3746
2.6290,33.7978,6.3641
2.6300,33.8106,6.3536
2.6310,33.8235,6.3432
2.6320,33.8363,6.3327
2.6330,33.8492,6.3221
2.6340,33.8621,6.3116
2.6350,33.8749,6.3011
2.6360,33.8878,6.2906
2.6370,33.9006,6.2800
2.6380,33.9135,6.2695
2.6390,33.9263,6.2589
2.6400,33.9392,6.2483
2.6410,33.9520,6.2377
2.6420,33.9649,6.2271
2.6430,33.9778,6.2165
2.6440,33.9906,6.2059
2.6450,34.0035,6.1953
2.6460,34.0163,6.1846
2.6470,34.0292,6.1740
2.6480,34.0420,6.1633
2.6490,34.0549,6.1527
2.6500,34.0677,6.1420
2.6510,34.0806,6.1313
2.6520,34.0935,6.1206
2.6530,34.1063,6.1099
2.6540,34.1192,6.0992
2.6550,34.1320,6.0885
2.6560,34.1449,6.0777
2.6570,34.1577,6.0670
2.6580,34.1706,6.0562
2.6590,34.1834,6.0455
2.6600,34.1963,6.0347
2.6610,34.2092,6.0239
2.6620,34.2220,6.0131
2.6630,34.2349,6.0023
2.6640,34.2477,5.9915
2.6650,34.2606,5.9807
2.6660,34.2734,5.9699
2.6670,34.2863,5.9590
2.6680,34.2991,5.9482
2.6690,34.3120,5.9373
2.6700,34.3249,5.9264
2.6710,34.3377,5.9155
2.6720,34.3506,5.9046
2.6730,34.3634,5.8937
2.6740,34.3763,5.8828
2.6750,34.3891,5.8719
2.6760,34.4020,5.8610
2.6770,34.4148,5.8500
2.6780,34.4277,5.8391
2.6790,34.4406,5.8281
2.6800,34.4534,5.8172
2.6810,34.4663,5.8062
2.6820,34.4791,5.7952
2.6830,34.4920,5.7842
2.6840,34.5048,5.7732
2.6850,34.5177,5.7622
2.6860,34.5306,5.7511
2.6870,34.5434,5.7401
2.6880,34.5563,5.7291
2.6890,34.5691,5.7180
2.6900,34.5820,5.7069
2.6910,34.5948,5.6958
2.6920,34.6077,5.6848
2.6930,34.6205,5.6737
2.6940,34.6334,5.6626
2.6950,34.6463,5.6514
2.6960,34.6591,5.6403
2.6970,34.6720,5.6292
2.6980,34.6848,5.6180
2.6990,34.6977,5.6069
2.7000,34.7105,5.5957
2.7010,34.7234,5.5845
2.7020,34.7362,5.5733
2.7030,34.7491,5.5621
2.7040,34.7620,5.5509
2.7050,34.7748,5.5397
2.7060,34.7877,5.5285
2.7070,34.8005,5.5173
2.7080,34.8134,5.5060
2.7090,34.8262,5.4948
2.7100,34.8391,5.4835
2.7110,34.8519,5.4722
2.7120,34.8648,5.4609
2.7130,34.8777,5.4497
2.7140,34.8905,5.4384
2.7150,34.9034,5.4270
2.7160,34.9162,5.4157
2.7170,34.9291,5.4044
2.7180,34.9419,5.3930
2.7190,34.9548,5.3817
2.7200,34.9676,5.3703
2.7210,34.9805,5.3590
2.7220,34.9934,5.3476
2.7230,35.0062,5.3362
2.7240,35.0191,5.3248
2.7250,35.0319,5.3134
2.7260,35.0448,5.3019
2.7270,35.0576,5.2905
2.7280,35.0705,5.2791
2.7290,35.0833,5.2676
2.7300,35.0962,5.2562
2.7310,35.1091,5.2447
2.7320,35.1219,5.2332
2.7330,35.1348,5.2217
2.7340,35.1476,5.2102
2.7350,35.1605,5.1987
2.7360,35.1733,5.1872
2.7370,35.1862,5.1757
2.7380,35.1990,5.1641
2.7390,35.2119,5.1526
2.7400,35.2248,5.1410
2.7410,35.2376,5.1294
2.7420,35.2505,5.1179
2.7430,35.2633,5.1063
2.7440,35.2762,5.0947
2.7450,35.2890,5.0831
2.7460,35.3019,5.0715
2.7470,35.3148,5.0598
2.7480,35.3276,5.0482
2.7490,35.3405,5.0365
2.7500,35.3533,5.0249
2.7510,35.3662,5.0132
2.7520,35.3790,5.0016
2.7530,35.3919,4.9899
2.7540,35.4047,4.9782
2.7550,35.4176,4.9665
2.7560,35.4305,4.9547
2.7570,35.4433,4.9430
2.7580,35.4562,4.9313
2.7590,35.4690,4.9195
2.7600,35.4819,4.9078
2.7610,35.4947,4.8960
2.7620,35.5076,4.8842
2.7630,35.5204,4.8725
2.7640,35.5333,4.8607
2.7650,35.5462,4.8489
2.7660,35.5590,4.8371
2.7670,35.5719,4.8252
2.7680,35.5847,4.8134
2.7690,35.5976,4.8016
2.7700,35.6104,4.7897
2.7710,35.6233,4.7778
2.7720,35.6361,4.7660
2.7730,35.6490,4.7541
2.7740,35.6619,4.7422
2.7750,35.6747,4.7303
2.7760,35.6876,4.7184
2.7770,35.7004,4.7065
2.7780,35.7133,4.6945
2.7790,35.7261,4.6826
2.7800,35.7390,4.6706
2.7810,35.7518,4.6587
2.7820,35.7647,4.6467
2.7830,35.7776,4.6347
2.7840,35.7904,4.6227
2.7850,35.8033,4.6107
2.7860,35.8161,4.5987
2.7870,35.8290,4.5867
2.7880,35.8418,4.5747
2.7890,35.8547,4.5626
2.7900,35.8675,4.5506
2.7910,35.8804,4.5385
2.7920,35.8933,4.5265
2.7930,35.9061,4.5144
2.7940,35.9190,4.5023
2.7950,35.9318,4.4902
2.7960,35.9447,4.4781
2.7970,35.9575,4.4660
2.7980,35.9704,4.4538
2.7990,35.9833,4.4417
2.8000,35.9961,4.4296
2.8010,36.0090,4.4174
2.8020,36.0218,4.4052
2.8030,36.0347,4.3931
2.8040,36.0475,4.3809
2.8050,36.0604,4.3687
2.8060,36.0732,4.3565
2.8070,36.0861,4.3443
2.8080,36.0990,4.3320
2.8090,36.1118,4.3198
2.8100,36.1247,4.3075
2.8110,36.1375,4.2953
2.8120,36.1504,4.2830
2.8130,36.1632,4.2707
2.8140,36.1761,4.2585
2.8150,36.1889,4.2462
2.8160,36.2018,4.2339
2.8170,36.2147,4.2216
2.8180,36.2275,4.2092
2.8190,36.2404,4.1969
2.8200,36.2532,4.1846
2.8210,36.2661,4.1722
2.8220,36.2789,4.1598
2.8230,36.2918,4.1475
2.8240,36.3046,4.1351
2.8250,36.3175,4.1227
2.8260,36.3304,4.1103
2.8270,36.3432,4.0979
2.8280,36.3561,4.0855
2.8290,36.3689,4.0730
2.8300,36.3818,4.0606
2.8310,36.3946,4.0481
2.8320,36.4075,4.0357
2.8330,36.4203,4.0232
2.8340,36.4332,4.0107
2.8350,36.4461,3.9982
2.8360,36.4589,3.9857
2.8370,36.4718,3.9732
2.8380,36.4846,3.9607
2.8390,36.4975,3.9482
2.8400,36.5103,3.9356
2.8410,36.5232,3.9231
2.8420,36.5360,3.9105
2.8430,36.5489,3.8979
2.8440,36.5618,3.8854
2.8450,36.5746,3.8728
2.8460,36.5875,3.8602
2.8470,36.6003,3.8476
2.8480,36.6132,3.8350
2.8490,36.6260,3.8223
2.8500,36.6389,3.8097
2.8510,36.6517,3.7970
2.8520,36.6646,3.7844
2.8530,36.6775,3.7717
2.8540,36.6903,3.7590
2.8550,36.7032,3.7464
2.8560,36.7160,3.7337
2.8570,36.7289,3.7210
2.8580,36.7417,3.7082
2.8590,36.7546,3.6955
2.8600,36.7675,3.6828
2.8610,36.7803,3.6700
2.8620,36.7932,3.6573
2.8630,36.8060,3.6445
2.8640,36.8189,3.6317
2.8650,36.8317,3.6190
2.8660,36.8446,3.6062
2.8670,36.8574,3.5934
2.8680,36.8703,3.5805
2.8690,36.8832,3.5677
2.8700,36.8960,3.5549
2.8710,36.9089,3.5420
2.8720,36.9217,3.5292
2.8730,36.9346,3.5163
2.8740,36.9474,3.5034
2.8750,36.9603,3.4906
2.8760,36.9731,3.4777
2.8770,36.9860,3.4648
2.8780,36.9989,3.4519
2.8790,37.0117,3.4389
2.8800,37.0246,3.4260
2.8810,37.0374,3.4131
2.8820,37.0503,3.4001
2.8830,37.0631,3.3871
2.8840,37.0760,3.3742
2.8850,37.0888,3.3612
2.8860,37.1017,3.3482
2.8870,37.1146,3.3352
2.8880,37.1274,3.3222
2.8890,37.1403,3.3092
2.8900,37.1531,3.2961
2.8910,37.1660,3.2831
2.8920,37.1788,3.2701
2.8930,37.1917,3.2570
2.8940,37.2045,3.2439
2.8950,37.2174,3.2308
2.8960,37.2303,3.2178
2.8970,37.2431,3.2047
2.8980,37.2560,3.1915
2.8990,37.2688,3.1784
2.9000,37.2817,3.1653
2.9010,37.2945,3.1522
2.9020,37.3074,3.1390
2.9030,37.3202,3.1259
2.9040,37.3331,3.1127
2.9050,37.3460,3.0995
2.9060,37.3588,3.0863
2.9070,37.3717,3.0731
2.9080,37.3845,3.0599
2.9090,37.3974,3.0467
2.9100,37.4102,3.0335
2.9110,37.4231,3.0202
2.9120,37.4360,3.0070
2.9130,37.4488,2.9937
2.9140,37.4617,2.9805
2.9150,37.4745,2.9672
2.9160,37.4874,2.9539
2.9170,37.5002,2.9406
2.9180,37.5131,2.9273
2.9190,37.5259,2.9140
2.9200,37.5388,2.9007
2.9210,37.5517,2.8873
2.9220,37.5645,2.8740
2.9230,37.5774,2.8606
2.9240,37.5902,2.8473
2.9250,37.6031,2.8339
2.9260,37.6159,2.8205
2.9270,37.6288,2.8071
2.9280,37.6416,2.7937
2.9290,37.6545,2.7803
2.9300,37.6674,2.7669
2.9310,37.6802,2.7535
2.9320,37.6931,2.7400
2.9330,37.7059,2.7266
2.9340,37.7188,2.7131
2.9350,37.7316,2.6996
2.9360,37.7445,2.6862
2.9370,37.7573,2.6727
2.9380,37.7702,2.6592
2.9390,37.7831,2.6457
2.9400,37.7959,2.6321
2.9410,37.8088,2.6186
2.9420,37.8216,2.6051
2.9430,37.8345,2.5915
2.9440,37.8473,2.5780
2.9450,37.8602,2.5644
2.9460,37.8730,2.5508
2.9470,37.8859,2.5372
2.9480,37.8988,2.5236
2.9490,37.9116,2.5100
2.9500,37.9245,2.4964
2.9510,37.9373,2.4828
2.9520,37.9502,2.4691
2.9530,37.9630,2.4555
2.9540,37.9759,2.4418
2.9550,37.9887,2.4281
2.9560,38.0016,2.4145
2.9570,38.0145,2.4008
2.9580,38.0273,2.3871
2.9590,38.0402,2.3734
2.9600,38.0530,2.3597
2.9610,38.0659,2.3459
2.9620,38.0787,2.3322
2.9630,38.0916,2.3185
2.9640,38.1044,2.3047
2.9650,38.1173,2.2909
2.9660,38.1302,2.2772
2.9670,38.1430,2.2634
2.9680,38.1559,2.2496
2.9690,38.1687,2.2358
2.9700,38.1816,2.2220
2.9710,38.1944,2.2081
2.9720,38.2073,2.1943
2.9730,38.2202,2.1805
2.9740,38.2330,2.1666
2.9750,38.2459,2.1527
2.9760,38.2587,2.1389
2.9770,38.2716,2.1250
2.9780,38.2844,2.1111
2.9790,38.2973,2.0972
2.9800,38.3101,2.0833
2.9810,38.3230,2.0693
2.9820,38.3359,2.0554
2.9830,38.3487,2.0415
2.9840,38.3616,2.0275
2.9850,38.3744,2.0136
2.9860,38.3873,1.9996
2.9870,38.4001,1.9856
2.9880,38.4130,1.9716
2.9890,38.4258,1.9576
2.9900,38.4387,1.9436
2.9910,38.4516,1.9296
2.9920,38.4644,1.9155
2.9930,38.4773,1.9015
2.9940,38.4901,1.8875
2.9950,38.5030,1.8734
2.9960,38.5158,1.8593
2.9970,38.5287,1.8452
2.9980,38.5415,1.8312
2.9990,38.5544,1.8171
3.0000,38.5673,1.8030
3.0010,38.5801,1.7888
3.0020,38.5930,1.7747
3.0030,38.6058,1.7606
3.0040,38.6187,1.7464
3.0050,38.6315,1.7323
3.0060,38.6444,1.7181
3.0070,38.6572,1.7039
3.0080,38.6701,1.6897
3.0090,38.6830,1.6755
3.0100,38.6958,1.6613
3.0110,38.7087,1.6471
3.0120,38.7215,1.6329
3.0130,38.7344,1.6186
3.0140,38.7472,1.6044
3.0150,38.7601,1.5901
3.0160,38.7729,1.5759
3.0170,38.7858,1.5616
3.0180,38.7987,1.5473
3.0190,38.8115,1.5330
3.0200,38.8244,1.5187
3.0210,38.8372,1.5044
3.0220,38.8501,1.4901
3.0230,38.8629,1.4757
3.0240,38.8758,1.4614
3.0250,38.8887,1.4470
3.0260,38.9015,1.4327
3.0270,38.9144,1.4183
3.0280,38.9272,1.4039
3.0290,38.9401,1.3895
3.0300,38.9529,1.3751
3.0310,38.9658,1.3607
3.0320,38.9786,1.3463
3.0330,38.9915,1.3318
3.0340,39.0044,1.3174
3.0350,39.0172,1.3030
3.0360,39.0301,1.2885
3.0370,39.0429,1.2740
3.0380,39.0558,1.2595
3.0390,39.0686,1.2450
3.0400,39.0815,1.2305
3.0410,39.0943,1.2160
3.0420,39.1072,1.2015
3.0430,39.1201,1.1870
3.0440,39.1329,1.1724
3.0450,39.1458,1.1579
3.0460,39.1586,1.1433
3.0470,39.1715,1.1288
3.0480,39.1843,1.1142
3.0490,39.1972,1.0996
3.0500,39.2100,1.0850
3.0510,39.2229,1.0704
3.0520,39.2358,1.0558
3.0530,39.2486,1.0411
3.0540,39.2615,1.0265
3.0550,39.2743,1.0118
3.0560,39.2872,0.9972
3.0570,39.3000,0.9825
3.0580,39.3129,0.9678
3.0590,39.3257,0.9532
3.0600,39.3386,0.9385
3.0610,39.3515,0.9237
3.0620,39.3643,0.9090
3.0630,39.3772,0.8943
3.0640,39.3900,0.8796
3.0650,39.4029,0.8648
3.0660,39.4157,0.8501
3.0670,39.4286,0.8353
3.0680,39.4414,0.8205
3.0690,39.4543,0.8057
3.0700,39.4672,0.7909
3.0710,39.4800,0.7761
3.0720,39.4929,0.7613
3.0730,39.5057,0.7465
3.0740,39.5186,0.7317
3.0750,39.5314,0.7168
3.0760,39.5443,0.7020
3.0770,39.5571,0.6871
3.0780,39.5700,0.6722
3.0790,39.5829,0.6573
3.0800,39.5957,0.6424
3.0810,39.6086,0.6275
3.0820,39.6214,0.6126
3.0830,39.6343,0.5977
3.0840,39.6471,0.5828
3.0850,39.6600,0.5678
3.0860,39.6729,0.5529
3.0870,39.6857,0.5379
3.0880,39.6986,0.5229
3.0890,39.7114,0.5080
3.0900,39.7243,0.4930
3.0910,39.7371,0.4780
3.0920,39.7500,0.4629
3.0930,39.7628,0.4479
3.0940,39.7757,0.4329
3.0950,39.7886,0.4179
3.0960,39.8014,0.4028
3.0970,39.8143,0.3877
3.0980,39.8271,0.3727
3.0990,39.8400,0.3576
3.1000,39.8528,0.3425
3.1010,39.8657,0.3274
3.1020,39.8785,0.3123
3.1030,39.8914,0.2972
3.1040,39.9043,0.2820
3.1050,39.9171,0.2669
3.1060,39.9300,0.2518
3.1070,39.9428,0.2366
3.1080,39.9557,0.2214
3.1090,39.9685,0.2062
3.1100,39.9814,0.1911
3.1110,39.9942,0.1759
3.1120,40.0071,0.1607
3.1130,40.0200,0.1454
3.1140,40.0328,0.1302
3.1150,40.0457,0.1150
3.1160,40.0585,0.0997
3.1170,40.0714,0.0845
3.1180,40.0842,0.0692
3.1190,40.0971,0.0539
3.1200,40.1099,0.0386
3.1210,40.1228,0.0233
3.1220,40.1357,0.0080
